,Beer,Total_Votes,Rating,Brewery,Beer_Style,ABV,Region
0,Marshmallow Handjee,"1,682",4.73,3 Floyds Brewing Co.,Russian Imperial Stout,15.00%,great-lakes
1,Bourbon County Brand Coffee Stout,"7,404",4.67,Goose Island Beer Co.,American Imperial Stout,12.90%,great-lakes
2,CBS (Canadian Breakfast Stout),"6,091",4.65,Founders Brewing Company,American Imperial Stout,11.70%,great-lakes
3,Chemtrailmix,117,4.71,3 Floyds Brewing Co.,Russian Imperial Stout,15.00%,great-lakes
4,V.S.O.J.,164,4.65,Revolution Brewing,British Barleywine,14.00%,great-lakes
5,KBS (Kentucky Breakfast Stout),"13,630",4.6,Founders Brewing Company,American Imperial Stout,12.30%,great-lakes
6,Bourbon County Brand Stout,"12,932",4.6,Goose Island Beer Co.,American Imperial Stout,15.20%,great-lakes
7,Bourbon County Brand Vanilla Stout,"1,796",4.6,Goose Island Beer Co.,American Imperial Stout,14.90%,great-lakes
8,Zombie Dust,"10,664",4.58,3 Floyds Brewing Co.,American Pale Ale (APA),6.20%,great-lakes
9,BBADL (Bourbon Barrel Aged Dark Lord Imperial Stout),932,4.56,3 Floyds Brewing Co.,Russian Imperial Stout,15.00%,great-lakes
10,Fourth Dementia - Bourbon Barrel-Aged,"1,979",4.55,Kuhnhenn Brewing Company,English Old Ale,13.50%,great-lakes
11,Black Gold,762,4.55,Central Waters Brewing Co.,American Imperial Stout,11.00%,great-lakes
12,Black Note Stout,"4,878",4.54,Bell's Brewery - Eccentric Café & General Store,American Imperial Stout,11.20%,great-lakes
13,Bourbon Barrel Aged Plead The 5th,"3,299",4.53,Dark Horse Brewing Company,Russian Imperial Stout,12.00%,great-lakes
14,Breakfast Stout,"17,411",4.51,Founders Brewing Company,American Imperial Stout,8.30%,great-lakes
15,Bourbon County Brand Barleywine Ale,"5,469",4.51,Goose Island Beer Co.,British Barleywine,14.40%,great-lakes
16,Barrel-Aged Malevolence Chocolate Caliente,94,4.57,Spiteful Brewing,American Imperial Stout,10.50%,great-lakes
17,Clare's Thirsty Ale,302,4.52,Haymarket Beer Co. Pub & Brewery,American Imperial Stout,12.50%,great-lakes
18,Permanent Funeral,"3,013",4.5,3 Floyds Brewing Co.,American Imperial IPA,10.50%,great-lakes
19,Canuckley,72,4.59,Transient Artisan Ales,American Imperial Stout,14.50%,great-lakes
20,Jackie O's / Side Project - Appervation,246,4.52,Jackie O's Pub & Brewery,American Imperial Stout,15.00%,great-lakes
21,No Rules,"1,353",4.49,Perrin Brewing Co.,American Imperial Porter,15.00%,great-lakes
22,Solstice Stout,128,4.53,Kuhnhenn Brewing Company,American Imperial Stout,16.00%,great-lakes
23,Bourbon Barrel Oro Negro,533,4.49,Jackie O's Pub & Brewery,American Imperial Stout,12.10%,great-lakes
24,Bourbon County Brand Reserve Stout (2018),93,4.54,Goose Island Beer Co.,American Imperial Stout,15.20%,great-lakes
25,Bourbon Barrel Champion Ground,627,4.48,Jackie O's Pub & Brewery,American Imperial Stout,12.00%,great-lakes
26,Bodhi,"1,686",4.47,Columbus Brewing Company,American Imperial IPA,8.50%,great-lakes
27,Bourbon Barrel Black Maple,"1,087",4.47,Jackie O's Pub & Brewery,American Imperial Porter,11.00%,great-lakes
28,Emerald Grouper,861,4.47,Pipeworks Brewing Company,American Imperial IPA,9.50%,great-lakes
29,Dragonsaddle,332,4.48,Hoof Hearted Brewing,New England IPA,11.50%,great-lakes
30,Barrel Aged The Hyper Dog,124,4.51,Pipeworks Brewing Company,American Imperial Stout,13.00%,great-lakes
31,Hop JuJu Imperial IPA,"2,298",4.46,Fat Head's Brewery & Saloon,American Imperial IPA,9.00%,great-lakes
32,Rye Hipster Brunch Stout,400,4.47,Odd Side Ales,American Imperial Stout,11.00%,great-lakes
33,Super Juicy Hop JuJu,94,4.52,Fat Head's Brewery & Saloon,American Imperial IPA,9.00%,great-lakes
34,Proprietor's Bourbon County Brand Stout (2018),93,4.52,Goose Island Beer Co.,American Imperial Stout,14.40%,great-lakes
35,Frampaars,130,4.5,Funk Factory Geuzeria,American Wild Ale,6.00%,great-lakes
36,Expedition Stout - Bourbon Barrel-Aged,640,4.46,Bell's Brewery - Eccentric Café & General Store,Russian Imperial Stout,13.40%,great-lakes
37,Sure Bet,619,4.46,Pipeworks Brewing Company,American Imperial IPA,9.50%,great-lakes
38,Hopslam Ale,"13,691",4.45,Bell's Brewery - Eccentric Café & General Store,American Imperial IPA,10.00%,great-lakes
39,Kentuckley,149,4.49,Transient Artisan Ales,American Imperial Stout,14.00%,great-lakes
40,Underground Mountain Brown,66,4.54,Founders Brewing Company,American Brown Ale,11.80%,great-lakes
41,Soursmith Black Raspberry,39,4.6,Arclight Brewing Company,American Wild Ale,5.10%,great-lakes
42,Mothership Series #5: Barrel-Aged Imperial Stout,108,4.49,Founders Brewing Company,Russian Imperial Stout,12.80%,great-lakes
43,Paw Paw,122,4.48,Upland Brewing Company,American Wild Ale,6.00%,great-lakes
44,Nut Smasher,365,4.44,Willoughby Brewing,American Imperial Stout,11.00%,great-lakes
45,Barrel-Aged Henna - Karma,30,4.62,More Brewing Co.,American Imperial Stout,14.30%,great-lakes
46,Mothership Series #4: Panther Cub Barrel-Aged Porter,139,4.46,Founders Brewing Company,American Imperial Porter,8.70%,great-lakes
47,Not Your Father's Root Beer (19.5%),90,4.48,Small Town Brewery,Herb and Spice Beer,19.50%,great-lakes
48,M-43 N.E. India Pale Ale,957,4.42,Old Nation Brewing Co.,New England IPA,6.80%,great-lakes
49,Oro Negro,942,4.42,Jackie O's Pub & Brewery,American Imperial Stout,10.00%,great-lakes
50,Bring the Ruckley,33,4.59,Transient Artisan Ales,American Imperial Stout,14.50%,great-lakes
51,Bourbon Barrel-Aged Barley Wine,770,4.42,Kuhnhenn Brewing Company,British Barleywine,14.50%,great-lakes
52,3 Floyds / The Bruery - Rue D'Floyd,315,4.43,3 Floyds Brewing Co.,American Imperial Porter,14.40%,great-lakes
53,Barrel Aged The Jones Dog,471,4.42,Pipeworks Brewing Company,American Imperial Stout,13.00%,great-lakes
54,Double Grid,55,4.51,Hop Butcher For The World,American Imperial IPA,7.50%,great-lakes
55,Wooden Hell,223,4.43,Flossmoor Station Restaurant & Brewery,British Barleywine,9.50%,great-lakes
56,Double Barrel Bourbon County Brand Stout,29,4.6,Goose Island Beer Co.,American Imperial Stout,17.20%,great-lakes
57,As You Wish...,200,4.43,Pipeworks Brewing Company,American Imperial Porter,11.00%,great-lakes
58,Dreadnaught IPA,"6,128",4.4,3 Floyds Brewing Co.,American Imperial IPA,9.50%,great-lakes
59,Imperial Smells Like Bean Spirit - Bourbon Barrel-Aged,62,4.49,Mikerphone Brewing,American Imperial Stout,12.00%,great-lakes
60,Crimson Snapper,444,4.41,Pipeworks Brewing Company,American Imperial IPA,9.50%,great-lakes
61,Boss Tweed,436,4.41,Old Nation Brewing Co.,New England IPA,9.30%,great-lakes
62,Citra,"1,408",4.4,Pipeworks Brewing Company,American Imperial IPA,9.50%,great-lakes
63,Bitches' Bank,234,4.41,18th Street Brewery - Gary Taproom,Russian Imperial Stout,12.00%,great-lakes
64,Imperial Smells Like Bean Spirit,161,4.42,Mikerphone Brewing,American Imperial Stout,10.75%,great-lakes
65,DRIPA (Double Rice IPA),"1,019",4.39,Kuhnhenn Brewing Company,American Imperial IPA,9.50%,great-lakes
66,Mikerphone / More - Barrel-Aged Vanillanoize,40,4.52,Mikerphone Brewing,American Imperial Stout,11.20%,great-lakes
67,Key Bump,108,4.43,Hoof Hearted Brewing,American Imperial IPA,10.50%,great-lakes
68,IBUsive,257,4.4,Fat Head's Brewery & Saloon,American Imperial IPA,8.00%,great-lakes
69,Wisconsin Belgian Red,"3,716",4.38,New Glarus Brewing Company,Fruit and Field Beer,4.00%,great-lakes
70,Creeper,403,4.39,Columbus Brewing Company,American Imperial IPA,10.00%,great-lakes
71,Raspberry Eisbock,"1,298",4.38,Kuhnhenn Brewing Company,German Eisbock,15.50%,great-lakes
72,V.S.O.D.,119,4.42,Revolution Brewing,Russian Imperial Stout,14.80%,great-lakes
73,Beer Hates Astronauts,553,4.38,Half Acre Beer Company,American IPA,7.50%,great-lakes
74,Raspberry Tart,"3,935",4.37,New Glarus Brewing Company,Fruit and Field Beer,4.00%,great-lakes
75,Spotted Puffer,430,4.38,Pipeworks Brewing Company,American Imperial IPA,9.50%,great-lakes
76,Unsessionable,"1,075",4.37,Revolution Brewing,American Imperial IPA,10.00%,great-lakes
77,Roller Blabe DIPA,351,4.38,Hoof Hearted Brewing,American Imperial IPA,8.00%,great-lakes
78,Café Deth,338,4.38,Revolution Brewing,Russian Imperial Stout,14.80%,great-lakes
79,Galaxy Unicorn,682,4.37,Pipeworks Brewing Company,American Imperial IPA,9.50%,great-lakes
80,Hazel's Nuts,503,4.37,Odd Side Ales,American Imperial Stout,11.00%,great-lakes
81,Imperial Stout,"7,948",4.36,Founders Brewing Company,Russian Imperial Stout,10.50%,great-lakes
82,French Vanilla Militia,35,4.51,3 Floyds Brewing Co.,Russian Imperial Stout,15.00%,great-lakes
83,Wulver,"1,660",4.36,Thirsty Dog Brewing Company,Scotch Ale / Wee Heavy,12.00%,great-lakes
84,Sour Reserve,394,4.37,Upland Brewing Company,Belgian Gueuze,6.00%,great-lakes
85,Wood Burner (Bourbon Barrel-Aged),378,4.37,Jackie O's Pub & Brewery,American Imperial Stout,11.00%,great-lakes
86,Thumbprint Wild Sour Ale,"1,069",4.36,New Glarus Brewing Company,American Wild Ale,5.00%,great-lakes
87,Hipster Brunch Stout,850,4.36,Odd Side Ales,American Imperial Stout,11.00%,great-lakes
88,Brewer's Reserve Bourbon Barrel Cassian Sunset,724,4.36,Central Waters Brewing Co.,American Imperial Stout,11.70%,great-lakes
89,The Final Act,60,4.44,Pipeworks Brewing Company,American Imperial Stout,13.00%,great-lakes
90,Barrel Aged The Abduction,133,4.39,Pipeworks Brewing Company,American Imperial Stout,13.00%,great-lakes
91,"Mikerphone Check 1, 2",104,4.4,Mikerphone Brewing,New England IPA,8.00%,great-lakes
92,Backwoods Bastard,"8,638",4.35,Founders Brewing Company,Scotch Ale / Wee Heavy,11.20%,great-lakes
93,Barrel Aged Behemoth,474,4.36,3 Floyds Brewing Co.,American Barleywine,12.50%,great-lakes
94,Serendipity,"2,958",4.35,New Glarus Brewing Company,Fruit and Field Beer,4.00%,great-lakes
95,Barrel-Aged Blackout Stout,"1,845",4.35,Great Lakes Brewing Co.,Russian Imperial Stout,9.50%,great-lakes
96,Bourbon County Brand Bramble Rye Stout,"1,133",4.35,Goose Island Beer Co.,American Imperial Stout,12.70%,great-lakes
97,Konkey Dong,343,4.36,Hoof Hearted Brewing,American Imperial IPA,8.00%,great-lakes
98,Untitled Art / Mikerphone - BA Hazelnut Imperial Stout,35,4.49,Untitled Art,American Imperial Stout,12.20%,great-lakes
99,Pear Bear,298,4.36,3 Floyds Brewing Co.,American Wild Ale,7.50%,great-lakes
100,Grande Negro Voodoo Papi - Bourbon Barrel-Aged,376,4.62,Voodoo Brewery,American Imperial Stout,12.50%,mid-atlantic
101,3rd Anniversary Imperial IPA,302,4.58,Other Half Brewing Co.,New England IPA,10.00%,mid-atlantic
102,4th Anniversary,197,4.59,Other Half Brewing Co.,New England IPA,10.00%,mid-atlantic
103,Sunday Brunch,774,4.56,Kane Brewing Company,American Imperial Porter,9.20%,mid-atlantic
104,Mexican Brunch,543,4.56,Kane Brewing Company,American Imperial Porter,9.20%,mid-atlantic
105,Double Dry Hopped Double Mosaic Dream,540,4.55,Other Half Brewing Co.,New England IPA,8.50%,mid-atlantic
106,Double Dry Hopped Mylar Bags,434,4.55,Other Half Brewing Co.,New England IPA,8.50%,mid-atlantic
107,Double Dry Hopped Double Mosaic Daydream,383,4.54,Other Half Brewing Co.,New England IPA,8.50%,mid-atlantic
108,Imperial Biscotti Break - Bourbon Barrel-Aged,"1,657",4.51,Evil Twin Brewing,American Imperial Stout,11.50%,mid-atlantic
109,Double Dry Hopped All Citra Everything,445,4.52,Other Half Brewing Co.,New England IPA,8.50%,mid-atlantic
110,Double Barrel Jesus,802,4.5,Evil Twin Brewing,American Imperial Stout,12.00%,mid-atlantic
111,Triple Citra Daydream,120,4.54,Other Half Brewing Co.,New England IPA,10.50%,mid-atlantic
112,All Infinity Everything,115,4.53,Other Half Brewing Co.,New England IPA,8.70%,mid-atlantic
113,Double Dry Hopped Double Citra Daydream,230,4.5,Other Half Brewing Co.,New England IPA,8.50%,mid-atlantic
114,Black Magick - Willet Bourbon Barrel-Aged,27,4.69,Voodoo Brewery,Russian Imperial Stout,13.50%,mid-atlantic
115,Albatross,86,4.53,Brew Gentlemen,New England IPA,8.00%,mid-atlantic
116,Le Roar Grrrz,172,4.48,Bullfrog Brewery,Belgian Gueuze,Gueuze,mid-atlantic
117,DoubleMex,71,4.52,Brew Gentlemen,American Imperial Stout,9.90%,mid-atlantic
118,All 5th Anniversary Everything - Banana,28,4.63,Other Half Brewing Co.,American Imperial Stout,15.40%,mid-atlantic
119,Triple Cream Triple Dry Hopped Imperial Oat Cream IPA,105,4.48,Other Half Brewing Co.,New England IPA,10.00%,mid-atlantic
120,Space Diamonds (Double Dry-Hopped),236,4.45,Other Half Brewing Co.,New England IPA,8.50%,mid-atlantic
121,Mosaic IPA,390,4.44,Other Half Brewing Co.,New England IPA,7.20%,mid-atlantic
122,Even Mo Mofo,100,4.48,Sand City Brewing Co.,New England IPA,8.50%,mid-atlantic
123,Afterimage,593,4.43,Grimm Artisanal Ales,New England IPA,8.00%,mid-atlantic
124,Pile Of Crowns,109,4.47,LIC Beer Project,New England IPA,8.50%,mid-atlantic
125,Double Mosaic Daydream,76,4.49,Other Half Brewing Co.,New England IPA,8.50%,mid-atlantic
126,FOSHOMO,58,4.51,Brew Gentlemen,American Imperial IPA,8.20%,mid-atlantic
127,Softly Spoken Magic Spells,916,4.42,SingleCut Beersmiths,New England IPA,8.60%,mid-atlantic
128,Power Of ONE,70,4.49,Sand City Brewing Co.,New England IPA,8.20%,mid-atlantic
129,Magnetic Compass,294,4.43,Grimm Artisanal Ales,New England IPA,6.40%,mid-atlantic
130,The Dreamiest,36,4.56,Other Half Brewing Co.,New England IPA,7.80%,mid-atlantic
131,Double Mosaic Dream,242,4.43,Other Half Brewing Co.,New England IPA,8.50%,mid-atlantic
132,Fluctuation,124,4.45,Equilibrium Brewery,New England IPA,8.10%,mid-atlantic
133,Double Dry Hopped Mylar Daydream,124,4.45,Other Half Brewing Co.,New England IPA,8.80%,mid-atlantic
134,Other Half / Burial - Velvet Magnum II,26,4.61,Other Half Brewing Co.,American Imperial Stout,15.00%,mid-atlantic
135,All Green Everything,"1,092",4.41,Other Half Brewing Co.,New England IPA,10.50%,mid-atlantic
136,A Night To End All Dawns,599,4.41,Kane Brewing Company,American Imperial Stout,12.20%,mid-atlantic
137,Vapor Ringz,35,4.55,Other Half Brewing Co.,New England IPA,8.40%,mid-atlantic
138,Mexican Brunch - Bourbon Barrel-Aged,43,4.52,Kane Brewing Company,American Imperial Porter,11.40%,mid-atlantic
139,Triple Dry Hopped Triple Mosaic Daydream,62,4.48,Other Half Brewing Co.,New England IPA,11.50%,mid-atlantic
140,Le Roar Grrrz Kriek,203,4.42,Bullfrog Brewery,American Wild Ale,6.00%,mid-atlantic
141,Double Milkshake IPA - EXTRA Vanilla,93,4.45,Tired Hands Brewing Company,New England IPA,9.20%,mid-atlantic
142,Triple Mylar Daydream,41,4.52,Other Half Brewing Co.,American Imperial IPA,11.30%,mid-atlantic
143,5th Anniversary,60,4.48,Other Half Brewing Co.,New England IPA,10.00%,mid-atlantic
144,Second Wave,92,4.45,Sand City Brewing Co.,New England IPA,8.00%,mid-atlantic
145,Second Anniversary DIPA,191,4.42,Other Half Brewing Co.,New England IPA,9.00%,mid-atlantic
146,Other Half / Trillium Like Whoa,139,4.43,Other Half Brewing Co.,New England IPA,8.50%,mid-atlantic
147,Tesseract,567,4.4,Grimm Artisanal Ales,American Imperial IPA,8.00%,mid-atlantic
148,Only Void - Single-Origin Ethiopian Coffee,131,4.43,Tired Hands Brewing Company,American Imperial Stout,10.00%,mid-atlantic
149,Double Dry Hopped Citra + Galaxy,56,4.48,Other Half Brewing Co.,New England IPA,8.50%,mid-atlantic
150,Space Hallucinations,62,4.47,Other Half Brewing Co.,American Imperial IPA,10.50%,mid-atlantic
151,Cafe Y Churro,226,4.41,Carton Brewing Company,American Cream Ale,12.00%,mid-atlantic
152,Double Dry-Hopped Tesseract,79,4.45,Grimm Artisanal Ales,American Imperial IPA,8.00%,mid-atlantic
153,Stillwater / Westbrook - Gose Gone Wild,"1,113",4.39,Stillwater Artisanal Ales,Leipzig Gose,4.60%,mid-atlantic
154,Mammoth,91,4.44,Brew Gentlemen,American Imperial IPA,8.50%,mid-atlantic
155,Infinity Minus ONE +2,58,4.47,Sand City Brewing Co.,New England IPA,8.20%,mid-atlantic
156,Riot In Vermont,22,4.6,Prison City Pub & Brewery,New England IPA,6.50%,mid-atlantic
157,Between The Dead,75,4.44,Finback Brewery,American Imperial Stout,10.00%,mid-atlantic
158,Extra Extra Knuckle,132,4.41,Tired Hands Brewing Company,New England IPA,8.60%,mid-atlantic
159,Green Power,73,4.44,Other Half Brewing Co.,American Imperial IPA,8.00%,mid-atlantic
160,Space Daydream - Double Dry-Hopped,85,4.43,Other Half Brewing Co.,New England IPA,8.50%,mid-atlantic
161,World Wide Stout - Bourbon Barrel Aged,100,4.42,Dogfish Head Craft Brewery,American Imperial Stout,18.00%,mid-atlantic
162,Space Daydream Imperial Oat Cream IPA,62,4.45,Other Half Brewing Co.,New England IPA,8.50%,mid-atlantic
163,Double Dry Hopped Forever Simcoe,158,4.4,Other Half Brewing Co.,New England IPA,8.50%,mid-atlantic
164,Radical ONE,58,4.45,Sand City Brewing Co.,American Imperial IPA,8.20%,mid-atlantic
165,Double Dry Hopped Broccoli,191,4.39,Other Half Brewing Co.,New England IPA,7.90%,mid-atlantic
166,BQE - Barrel Aged,178,4.39,Finback Brewery,American Imperial Stout,10.00%,mid-atlantic
167,mc²,273,4.38,Equilibrium Brewery,New England IPA,8.00%,mid-atlantic
168,Sunny Side Up (Little Amps! Double Coffee),621,4.37,Al's of Hampden / Pizza Boy Brewing,American Imperial Stout,9.50%,mid-atlantic
169,Cuvée De Castleton,570,4.37,Captain Lawrence Brewing Co.,American Wild Ale,8.40%,mid-atlantic
170,Double Dry Hopped Bon Bon 2X TNT IIPA,80,4.42,SingleCut Beersmiths,New England IPA,8.20%,mid-atlantic
171,Michigan Maple Jesus,453,4.37,Evil Twin Brewing,American Imperial Stout,12.00%,mid-atlantic
172,Eviscerated Pathway Of Beauty,117,4.4,Tired Hands Brewing Company,New England IPA,8.60%,mid-atlantic
173,Sand City / Finback - Beach Front Avenue,26,4.54,Sand City Brewing Co.,American Imperial IPA,8.00%,mid-atlantic
174,Dream Wave Fluctuation,26,4.54,Equilibrium Brewery,American Imperial IPA,8.10%,mid-atlantic
175,Cowbell Imperial Oatmeal Milk Stout,345,4.37,Voodoo Brewery,English Sweet / Milk Stout,8.50%,mid-atlantic
176,Mylar Bags,183,4.38,Other Half Brewing Co.,New England IPA,8.80%,mid-atlantic
177,Flaming Fury,282,4.37,Captain Lawrence Brewing Co.,American Wild Ale,8.00%,mid-atlantic
178,Lambo Door,612,4.36,Grimm Artisanal Ales,American Imperial IPA,8.00%,mid-atlantic
179,"Triangle Test with Citra T-90, T-45 Lupulin Powder",43,4.46,Other Half Brewing Co.,American Imperial IPA,10.00%,mid-atlantic
180,077-07871 - Mosaic,91,4.4,Carton Brewing Company,American Imperial IPA,7.80%,mid-atlantic
181,Lumen,389,4.36,Grimm Artisanal Ales,New England IPA,6.40%,mid-atlantic
182,Some People Are Immune To Good Advice,57,4.43,Evil Twin Brewing,American Imperial Stout,10.70%,mid-atlantic
183,dHop2,64,4.42,Equilibrium Brewery,American Imperial IPA,8.50%,mid-atlantic
184,Infinity + 2,35,4.48,Sand City Brewing Co.,New England IPA,9.00%,mid-atlantic
185,Demiurge,20,4.58,Hudson Valley Brewery,New England IPA,8.00%,mid-atlantic
186,Double Dry Hopped Stacks On Stacks,137,4.38,Other Half Brewing Co.,New England IPA,8.50%,mid-atlantic
187,International Playboy,32,4.49,Sand City Brewing Co.,New England IPA,8.00%,mid-atlantic
188,Double Dry Hopped Citra Daydream,61,4.42,Other Half Brewing Co.,New England IPA,6.00%,mid-atlantic
189,Holy Nights,34,4.48,Kane Brewing Company,American Imperial Stout,10.70%,mid-atlantic
190,The Light That Spills Out Of The Hole In Your Head,272,4.36,Tired Hands Brewing Company,American Pale Ale (APA),6.00%,mid-atlantic
191,Head High - Double Dry-Hopped With Galaxy,81,4.4,Kane Brewing Company,New England IPA,6.50%,mid-atlantic
192,Snowbirds - Bourbon Barrel-Aged,26,4.52,Other Half Brewing Co.,American Imperial Stout,14.40%,mid-atlantic
193,"We've Been Out There in Orbit (with Marcona Almonds, Cinnamon, and Vanilla)",26,4.52,Other Half Brewing Co.,American Imperial Stout,14.50%,mid-atlantic
194,Recertified,36,4.47,Brew Gentlemen,American Imperial IPA,8.00%,mid-atlantic
195,St.Oner,117,4.38,Tired Hands Brewing Company,New England IPA,6.50%,mid-atlantic
196,Apotheosis,33,4.48,Hudson Valley Brewery,New England IPA,6.00%,mid-atlantic
197,Le Roar Grrrz Apricot,115,4.38,Bullfrog Brewery,American Wild Ale,7.00%,mid-atlantic
198,Double Dry Hopped Cabbage,149,4.37,Other Half Brewing Co.,New England IPA,7.90%,mid-atlantic
199,Imperial Biscotti Break,"4,460",4.34,Evil Twin Brewing,American Imperial Stout,11.50%,mid-atlantic
200,Kentucky Brunch Brand Stout,762,4.84,Toppling Goliath Brewing Company,American Imperial Stout,12.00%,midwest
201,Barrel-Aged Abraxas,"1,500",4.74,Perennial Artisan Ales,American Imperial Stout,11.00%,midwest
202,Mornin' Delight,"1,517",4.7,Toppling Goliath Brewing Company,American Imperial Stout,12.00%,midwest
203,SR-71,509,4.71,Toppling Goliath Brewing Company,American Imperial Stout,14.00%,midwest
204,Anabasis,136,4.71,Side Project Brewing,American Barleywine,14.00%,midwest
205,Framboise Du Fermier,237,4.68,Side Project Brewing,Belgian Saison,8.00%,midwest
206,Assassin,"1,353",4.65,Toppling Goliath Brewing Company,American Imperial Stout,12.00%,midwest
207,Beer:Barrel:Time,164,4.67,Side Project Brewing,American Imperial Stout,15.00%,midwest
208,Fuzzy,929,4.61,Side Project Brewing,American Wild Ale,8.00%,midwest
209,King Sue,"2,566",4.6,Toppling Goliath Brewing Company,New England IPA,7.80%,midwest
210,Abricot Du Fermier,342,4.61,Side Project Brewing,Belgian Saison,8.00%,midwest
211,Maman,332,4.6,Perennial Artisan Ales,American Imperial Stout,11.50%,midwest
212,Nillerzzzzz,69,4.67,Forager Brewing Company,American Imperial Stout,14.00%,midwest
213,Pseudo Sue - Double Dry-Hopped,"1,036",4.56,Toppling Goliath Brewing Company,American Pale Ale (APA),5.80%,midwest
214,Saison Du Fermier,790,4.56,Side Project Brewing,Belgian Saison,7.00%,midwest
215,Derivation Blend #9 (Cinnamon/Maple),22,4.83,Side Project Brewing,American Imperial Stout,14.00%,midwest
216,Pseudo Sue,"5,172",4.51,Toppling Goliath Brewing Company,American Pale Ale (APA),6.20%,midwest
217,Coconut Vibes,75,4.6,Shared Brewing,Russian Imperial Stout,13.00%,midwest
218,Leaner,73,4.6,Side Project Brewing,Belgian Saison,8.00%,midwest
219,Smooth,142,4.55,Side Project Brewing,American Wild Ale,6.00%,midwest
220,Abrasive Ale,"4,678",4.5,Surly Brewing Company,American Imperial IPA,9.00%,midwest
221,Barrel-Aged Sump Coffee Stout,585,4.51,Perennial Artisan Ales,American Imperial Stout,10.50%,midwest
222,Barrel-Aged Silhouette,497,4.51,Lift Bridge Brewery,Russian Imperial Stout,10.00%,midwest
223,La Fosse,361,4.51,Side Project Brewing,American Wild Ale,8.00%,midwest
224,Sosus,"1,835",4.49,Toppling Goliath Brewing Company,New England IPA,8.00%,midwest
225,Thicket,195,4.52,Side Project Brewing,American Wild Ale,6.00%,midwest
226,Blanc De Blancs,260,4.51,Side Project Brewing,Bière de Champagne / Bière Brut,10.00%,midwest
227,Peche Du Fermier,180,4.52,Side Project Brewing,Belgian Saison,8.00%,midwest
228,Darkness,"4,073",4.48,Surly Brewing Company,Russian Imperial Stout,10.30%,midwest
229,Jammy,155,4.52,Side Project Brewing,American Wild Ale,8.00%,midwest
230,Abraxas,"2,875",4.47,Perennial Artisan Ales,American Imperial Stout,10.00%,midwest
231,Coffee Abraxas,615,4.47,Perennial Artisan Ales,American Imperial Stout,10.00%,midwest
232,Todd The Axe Man,"2,674",4.46,Surly Brewing Company,American IPA,7.20%,midwest
233,Barrel Aged Double Shot Double Black,314,4.47,Bent Paddle Brewing Co.,American Black Ale,11.20%,midwest
234,Vanilla Bean Abraxas,275,4.47,Perennial Artisan Ales,American Imperial Stout,10.00%,midwest
235,Darkness - Bourbon Barrel-Aged,247,4.46,Surly Brewing Company,Russian Imperial Stout,12.00%,midwest
236,Madagascar,874,4.44,4 Hands Brewing Co.,English Sweet / Milk Stout,9.30%,midwest
237,Russian Roulette,102,4.49,Minneapolis Town Hall Brewery,Russian Imperial Stout,9.30%,midwest
238,Stupid Good,48,4.55,Disgruntled Brewing,New England IPA,6.60%,midwest
239,Supa' Sumo,324,4.44,Toppling Goliath Brewing Company,American Imperial IPA,7.80%,midwest
240,Saison Du Fermier - Pinot Noir Puncheons,76,4.5,Side Project Brewing,Belgian Saison,7.00%,midwest
241,Sump Coffee Stout,"1,749",4.42,Perennial Artisan Ales,American Imperial Stout,10.50%,midwest
242,Derivation Blend #10,49,4.54,Side Project Brewing,American Imperial Stout,14.00%,midwest
243,Coffee Shop Vibes - Peruvian,62,4.51,Shared Brewing,American Imperial Stout,13.00%,midwest
244,Pseudo Sue - Mosaic Dry-Hopped,332,4.43,Toppling Goliath Brewing Company,American Pale Ale (APA),6.20%,midwest
245,Balaton,204,4.44,Side Project Brewing,American Wild Ale,5.00%,midwest
246,Breakfast Nook,21,4.69,Forager Brewing Company,American Imperial Porter,12.00%,midwest
247,Term Oil,48,4.53,Toppling Goliath Brewing Company,American Imperial Stout,12.00%,midwest
248,Barrel-Aged Vermilion Barleywine,79,4.48,Perennial Artisan Ales,British Barleywine,11.00%,midwest
249,Three Hour Tour,302,4.42,Minneapolis Town Hall Brewery,English Sweet / Milk Stout,6.10%,midwest
250,Saison Du Blé,535,4.41,Side Project Brewing,Belgian Saison,6.00%,midwest
251,O.W.K.,11,4.93,Side Project Brewing,American Imperial Stout,15.00%,midwest
252,XHops - Gold,579,4.4,Toppling Goliath Brewing Company,American Pale Ale (APA),5.30%,midwest
253,Bleuet Du Fermier,81,4.46,Side Project Brewing,Belgian Saison,8.00%,midwest
254,Oude Du Blé,71,4.47,Side Project Brewing,Belgian Saison,7.00%,midwest
255,Fencerow,213,4.41,Side Project Brewing,American Wild Ale,6.00%,midwest
256,Twisted Trace,174,4.41,Minneapolis Town Hall Brewery,American Barleywine,9.90%,midwest
257,Kriek Du Fermier,31,4.56,Side Project Brewing,Belgian Saison,8.00%,midwest
258,Pudding Dribbles,24,4.61,Forager Brewing Company,American Imperial Porter,11.30%,midwest
259,Apricot Funky Wit,32,4.55,Perennial Artisan Ales,Belgian Witbier,5.00%,midwest
260,Term Oil 18-A,22,4.63,Toppling Goliath Brewing Company,American Imperial Stout,Stout,midwest
261,OJ Run,92,4.43,Narrow Gauge Brewing Company,American Imperial IPA,8.60%,midwest
262,Scorpius Morchella,255,4.39,Toppling Goliath Brewing Company,New England IPA,7.80%,midwest
263,Rain Drops,105,4.42,Barrel Theory Beer Company,New England IPA,7.50%,midwest
264,Carpe Diem,54,4.47,Madhouse Brewing Company,American Imperial Stout,11.50%,midwest
265,Ol' Jack Frost Imperial Stout,64,4.45,Minneapolis Town Hall Brewery,Russian Imperial Stout,9.50%,midwest
266,HOPSMACK!,714,4.37,Toppling Goliath Brewing Company,American Imperial IPA,7.70%,midwest
267,Barrel-Aged Coconut Vibes,15,4.73,Shared Brewing,Russian Imperial Stout,15.00%,midwest
268,Rosé Du Blé,95,4.42,Side Project Brewing,Belgian Saison,6.00%,midwest
269,Blueberry Flanders,277,4.38,Side Project Brewing,Flanders Red Ale,7.00%,midwest
270,Saison Du Fermier - Foedre Fermier,107,4.41,Side Project Brewing,Belgian Saison,7.00%,midwest
271,Passé,38,4.5,515 Brewing Company,American Pale Ale (APA),6.00%,midwest
272,Volume # 1,215,4.38,4 Hands Brewing Co.,American Imperial Stout,10.50%,midwest
273,Coffee Assassin,22,4.6,Toppling Goliath Brewing Company,American Imperial Stout,Stout,midwest
274,"Fire, Skulls & Money",505,4.36,Toppling Goliath Brewing Company,New England IPA,7.20%,midwest
275,Shooter McGavin,59,4.44,Barrel Theory Beer Company,American Imperial IPA,8.20%,midwest
276,Pseudo Sue - Galaxy Dry-Hopped,376,4.36,Toppling Goliath Brewing Company,American Pale Ale (APA),6.20%,midwest
277,Fallen Flag - Double Dry-Hopped,114,4.39,Narrow Gauge Brewing Company,New England IPA,7.00%,midwest
278,Dark Knight,184,4.36,Barley John's Brew Pub,Baltic Porter,12.00%,midwest
279,King Fallen Flag,47,4.44,Narrow Gauge Brewing Company,American Imperial IPA,8.60%,midwest
280,Dragon Fandango,73,4.4,Toppling Goliath Brewing Company,American Wild Ale,5.00%,midwest
281,Czar Jack Imperial Stout,429,4.34,Minneapolis Town Hall Brewery,Russian Imperial Stout,9.30%,midwest
282,Raspe,63,4.41,Side Project Brewing,American Wild Ale,6.00%,midwest
283,Längst,30,4.5,Side Project Brewing,German Altbier,10.00%,midwest
284,Before The Dawn,207,4.35,Steel Toe Brewing,American Barleywine,13.70%,midwest
285,Rum King,520,4.33,Indeed Brewing Company,American Imperial Stout,10.50%,midwest
286,OJ Run - Double Dry-Hopped,56,4.41,Narrow Gauge Brewing Company,American Imperial IPA,8.60%,midwest
287,Masala Mama India Pale Ale,"1,391",4.32,Minneapolis Town Hall Brewery,American IPA,6.00%,midwest
288,Coconut Assassin,16,4.63,Toppling Goliath Brewing Company,American Imperial Stout,Stout,midwest
289,Coffee Shop Vibes - Colombian Duarte,16,4.63,Shared Brewing,Russian Imperial Stout,13.00%,midwest
290,Fallen Flag,126,4.35,Narrow Gauge Brewing Company,New England IPA,7.00%,midwest
291,Pompeii,"1,309",4.31,Toppling Goliath Brewing Company,American IPA,6.20%,midwest
292,Biere Du Pays,350,4.32,Side Project Brewing,Belgian Saison,4.00%,midwest
293,ZeeLander,"1,022",4.31,Toppling Goliath Brewing Company,American IPA,5.50%,midwest
294,Coffee Shop Vibes,28,4.48,Shared Brewing,Russian Imperial Stout,13.00%,midwest
295,Fair State / Modern Times - Spirit Foul,73,4.37,Fair State Brewing Cooperative,New England IPA,6.30%,midwest
296,Sticker Fight,131,4.34,Steel Toe Brewing,American Imperial IPA,8.50%,midwest
297,Rain Drops - Double Dry-Hopped With Citra And Vic Secret,31,4.46,Barrel Theory Beer Company,New England IPA,7.50%,midwest
298,Barrel-Aged 17 Mint Chocolate Stout,260,4.32,Perennial Artisan Ales,American Imperial Stout,11.50%,midwest
299,Rye On Rye On Rye,248,4.32,Boulevard Brewing Co.,Rye Beer,14.00%,midwest
300,Leaner,165,4.59,Casey Brewing & Blending,Belgian Saison,8.00%,mountain
301,Medianoche - Coconut,110,4.59,WeldWerks Brewing Co.,American Imperial Stout,14.10%,mountain
302,The Cut: Sour Balaton Cherry,143,4.56,Casey Brewing & Blending,American Wild Ale,5.00%,mountain
303,Ten FIDY - Bourbon Barrel Aged,"2,069",4.47,Oskar Blues Grill & Brew,Russian Imperial Stout,12.90%,mountain
304,Tweak,"2,619",4.45,Avery Brewing Company,American Imperial Stout,16.00%,mountain
305,Oskar Blues / Cigar City - Bamburana,180,4.47,Oskar Blues Grill & Brew,American Imperial Stout,12.20%,mountain
306,Uncle Jacob's Stout,"2,941",4.42,Avery Brewing Company,American Imperial Stout,14.90%,mountain
307,Medianoche - Peanut Butter Cup,34,4.6,WeldWerks Brewing Co.,American Imperial Stout,13.10%,mountain
308,Triple Barrel Big Bad Baptist,418,4.42,Epic Brewing Company,American Imperial Stout,11.20%,mountain
309,Big Bad Baptista,735,4.41,Epic Brewing Company,American Imperial Stout,11.70%,mountain
310,Persica,214,4.43,Crooked Stave Artisan Beer Project,American Wild Ale,6.00%,mountain
311,Royal Oil,88,4.47,Bull & Bush Brewery,American Strong Ale,13.50%,mountain
312,Achromatic - Coffee Maple,113,4.45,WeldWerks Brewing Co.,American Imperial Stout,10.20%,mountain
313,Nightmare On Brett,584,4.39,Crooked Stave Artisan Beer Project,American Brett,9.66%,mountain
314,Ten FIDY,"10,121",4.38,Oskar Blues Grill & Brew,American Imperial Stout,10.50%,mountain
315,Nightmare On Brett Raspberry,120,4.43,Crooked Stave Artisan Beer Project,American Brett,9.66%,mountain
316,Fruit Stand - Apricot,99,4.44,Casey Brewing & Blending,Belgian Saison,5.50%,mountain
317,Legend Of The Liquid Brain,170,4.41,Bull & Bush Brewery,American Imperial Stout,12.00%,mountain
318,Quadruple Barrel Big Bad Baptist,218,4.4,Epic Brewing Company,American Imperial Stout,12.50%,mountain
319,Casey Family Preserves - Nectarine,57,4.47,Casey Brewing & Blending,Belgian Saison,6.00%,mountain
320,Big Bad Baptist,"3,978",4.36,Epic Brewing Company,American Imperial Stout,11.80%,mountain
321,Oak Theory,252,4.38,Casey Brewing & Blending,American Wild Ale,5.00%,mountain
322,Bligh's Barleywine Ale,559,4.36,Dry Dock Brewing Co.,British Barleywine,10.00%,mountain
323,Medianoche,55,4.45,WeldWerks Brewing Co.,American Imperial Stout,14.10%,mountain
324,Double Barrel Big Bad Baptist,346,4.36,Epic Brewing Company,American Imperial Stout,12.80%,mountain
325,The Cut: Blackberry,73,4.42,Casey Brewing & Blending,American Wild Ale,5.00%,mountain
326,Peach Climacteric,44,4.47,WeldWerks Brewing Co.,American Wild Ale,7.10%,mountain
327,Dry Hopped Oak Theory - Amarillo & Simcoe,31,4.51,Casey Brewing & Blending,American Wild Ale,5.00%,mountain
328,Saison,410,4.34,Casey Brewing & Blending,Belgian Saison,5.50%,mountain
329,Casey Family Preserves - Laroda Plum,46,4.44,Casey Brewing & Blending,Belgian Saison,6.00%,mountain
330,Casey Family Preserves - Peach Glow Haven And Roza,48,4.43,Casey Brewing & Blending,Belgian Saison,6.00%,mountain
331,Juicy Bits - Double Dry-Hopped,73,4.39,WeldWerks Brewing Co.,New England IPA,6.70%,mountain
332,Casey Family Preserves - Sweet Cherry,41,4.44,Casey Brewing & Blending,Belgian Saison,5.00%,mountain
333,Yeti - Barrel-Aged,917,4.31,Great Divide Brewing Company,American Imperial Stout,12.50%,mountain
334,Jammy,46,4.42,Casey Brewing & Blending,Belgian Saison,8.00%,mountain
335,Juicy Bits,325,4.32,WeldWerks Brewing Co.,New England IPA,6.70%,mountain
336,Advanced Oak Theory,92,4.36,Casey Brewing & Blending,American Wild Ale,5.00%,mountain
337,East Bank,294,4.32,Casey Brewing & Blending,Belgian Saison,6.50%,mountain
338,The Cut: Peach,77,4.37,Casey Brewing & Blending,American Wild Ale,5.00%,mountain
339,L'Brett D'Or - Dry Hopped,128,4.34,Crooked Stave Artisan Beer Project,American Wild Ale,5.00%,mountain
340,Raspberry Origins,242,4.32,Crooked Stave Artisan Beer Project,American Wild Ale,7.00%,mountain
341,2x4 DIPA,815,4.3,Melvin Brewing / Thai Me Up,American Imperial IPA,9.90%,mountain
342,Raspberry Truffale,73,4.36,Avery Brewing Company,American Imperial Stout,14.00%,mountain
343,Nightmare On Brett - Cherry,100,4.34,Crooked Stave Artisan Beer Project,American Brett,9.66%,mountain
344,Le Terroir,"2,447",4.29,New Belgium Brewing,American Wild Ale,7.50%,mountain
345,Ten FIDY - Bourbon Barrel-Aged - Java,149,4.32,Oskar Blues Grill & Brew,American Imperial Stout,10.50%,mountain
346,Medianoche - Vanilla,29,4.46,WeldWerks Brewing Co.,American Imperial Stout,14.10%,mountain
347,Crooked Stave / Omnipollo Bianca Raspberry Wild Wild Brett,52,4.38,Crooked Stave Artisan Beer Project,American Brett,6.00%,mountain
348,Ten FIDY - Rum Barrel-Aged,128,4.32,Oskar Blues Grill & Brew,American Imperial Stout,14.17%,mountain
349,Mama Bear's Sour Cherry Pie,257,4.3,Crooked Stave Artisan Beer Project,American Wild Ale,7.00%,mountain
350,Casey Family Preserves - Santa Rosa Plum,36,4.42,Casey Brewing & Blending,American Wild Ale,6.00%,mountain
351,Dry Hopped Oak Theory - Citra & Mosaic,28,4.46,Casey Brewing & Blending,American Wild Ale,5.00%,mountain
352,Myrcenary Double IPA,"2,970",4.28,Odell Brewing Company,American Imperial IPA,9.30%,mountain
353,L'Brett D'Or,409,4.29,Crooked Stave Artisan Beer Project,American Wild Ale,5.00%,mountain
354,Superpower IPA,218,4.3,Comrade Brewing Company,American IPA,7.30%,mountain
355,The Cut: Apricot,66,4.35,Casey Brewing & Blending,American Wild Ale,5.00%,mountain
356,Asterisk IIPA,290,4.29,Melvin Brewing / Thai Me Up,American Imperial IPA,9.00%,mountain
357,Brett Loves Citra,166,4.3,Casey Brewing & Blending,Belgian Saison,6.00%,mountain
358,Espresso Oak Aged Yeti Imperial Stout,"3,789",4.27,Great Divide Brewing Company,American Imperial Stout,9.50%,mountain
359,Da Yoopers,29,4.44,Rocky Mountain Brewing,Fruit and Field Beer,d Beer,mountain
360,Extra Extra Juicy Bits,60,4.35,WeldWerks Brewing Co.,American Imperial IPA,8.40%,mountain
361,Hop Vivant,32,4.42,Mountain Sun Pub & Brewery,American Imperial IPA,9.70%,mountain
362,Casey / Side Project - Velvet,18,4.54,Casey Brewing & Blending,American Wild Ale,8.00%,mountain
363,Casey Family Preserves - Apricot,72,4.33,Casey Brewing & Blending,Belgian Saison,6.00%,mountain
364,The Cut: Raspberry,17,4.55,Casey Brewing & Blending,American Wild Ale,6.00%,mountain
365,IPA,"3,220",4.26,Odell Brewing Company,American IPA,7.00%,mountain
366,In The Steep,45,4.36,Outer Range Brewing Co,New England IPA,6.70%,mountain
367,Juicy Bits - Double Dry-Hopped With Galaxy,55,4.34,WeldWerks Brewing Co.,New England IPA,6.70%,mountain
368,Origins,617,4.26,Crooked Stave Artisan Beer Project,American Wild Ale,6.50%,mountain
369,Fruit Stand - Montmorency Cherry,250,4.27,Casey Brewing & Blending,Belgian Saison,5.50%,mountain
370,Cerebral/ Fiction/ Weldwerks/ Odd 13 Brewing Robot Librarian,60,4.33,Odd13 Brewing,American Imperial IPA,8.25%,mountain
371,Fruit Stand - Peach,120,4.29,Casey Brewing & Blending,Belgian Saison,5.50%,mountain
372,Oak Aged Yeti Imperial Stout,"4,633",4.25,Great Divide Brewing Company,American Imperial Stout,9.50%,mountain
373,La Folie,"4,029",4.25,New Belgium Brewing,Flanders Oud Bruin,7.00%,mountain
374,Ivan The Terrible Imperial Stout - Barrel-Aged,884,4.25,Big Sky Brewing Company,Russian Imperial Stout,11.60%,mountain
375,Signature Series Double Coffee Porter,78,4.3,Dry Dock Brewing Co.,American Imperial Porter,9.30%,mountain
376,Citradamus IIPA,223,4.26,Melvin Brewing / Thai Me Up,American Imperial IPA,9.50%,mountain
377,Dry Hopped Saison - Cascade,51,4.33,Casey Brewing & Blending,Belgian Saison,5.50%,mountain
378,Double Dry-hopped Codename: Superfan,23,4.44,Odd13 Brewing,New England IPA,6.50%,mountain
379,Superdamp IPA,45,4.34,Comrade Brewing Company,American IPA,6.90%,mountain
380,Jolly Russian,265,4.25,Odell Brewing Company,Russian Imperial Stout,13.00%,mountain
381,Maharaja,"5,746",4.23,Avery Brewing Company,American Imperial IPA,10.20%,mountain
382,Fruit Stand - Blackberry,144,4.26,Casey Brewing & Blending,Belgian Saison,5.50%,mountain
383,L'Brett D'Raspberry,105,4.27,Crooked Stave Artisan Beer Project,American Wild Ale,5.00%,mountain
384,Crooked Line: Labyrinth Black Ale,"1,144",4.23,Uinta Brewing Company,American Imperial Stout,13.20%,mountain
385,Casey Family Preserves - Montmorency Cherry,96,4.27,Casey Brewing & Blending,Belgian Saison,6.00%,mountain
386,Petite Sour - Blueberry,449,4.23,Crooked Stave Artisan Beer Project,American Wild Ale,4.50%,mountain
387,Chocolate Oak Aged Yeti,"3,124",4.22,Great Divide Brewing Company,American Imperial Stout,9.50%,mountain
388,Superpower IPA - Fresh Hop,16,4.49,Comrade Brewing Company,American IPA,6.90%,mountain
389,Serenata Notturna,230,4.23,Crooked Stave Artisan Beer Project,American Wild Ale,12.00%,mountain
390,Yeti,"5,661",4.21,Great Divide Brewing Company,American Imperial Stout,9.50%,mountain
391,Coconut Porter,43,4.31,Broken Compass Brewing,American Porter,4.80%,mountain
392,Casey Family Preserves - Elephant Heart Plum,33,4.34,Casey Brewing & Blending,Belgian Saison,5.50%,mountain
393,Mountain Standard Double Black IPA,879,4.21,Odell Brewing Company,American Black Ale,8.10%,mountain
394,Petite Sour With Hibiscus And Cinnamon,221,4.22,Crooked Stave Artisan Beer Project,American Wild Ale,6.00%,mountain
395,Nightmare On Brett - Leopold Brothers Maryland Rye Whiskey,33,4.33,Crooked Stave Artisan Beer Project,American Brett,9.67%,mountain
396,Le Serpent Cerise,33,4.33,Snake River Brewing Company & Brewpub,Flanders Oud Bruin,8.00%,mountain
397,Medianoche - Rye Barrel-Aged - Vanilla,13,4.53,WeldWerks Brewing Co.,American Imperial Stout,13.90%,mountain
398,Anniversary Ale - Twenty Five,71,4.26,Avery Brewing Company,Belgian Strong Dark Ale,14.50%,mountain
399,Old Ruffian,"2,496",4.2,Great Divide Brewing Company,American Barleywine,10.20%,mountain
400,King Julius,998,4.73,Tree House Brewing Company,New England IPA,8.30%,new-england
401,King JJJuliusss,409,4.73,Tree House Brewing Company,New England IPA,8.40%,new-england
402,Very Hazy,833,4.72,Tree House Brewing Company,New England IPA,8.60%,new-england
403,Heady Topper,"14,530",4.71,The Alchemist,New England IPA,8.00%,new-england
404,Very Green,"1,215",4.68,Tree House Brewing Company,New England IPA,8.60%,new-england
405,Juice Machine,862,4.68,Tree House Brewing Company,New England IPA,8.20%,new-england
406,Julius,"4,619",4.65,Tree House Brewing Company,New England IPA,6.80%,new-england
407,Double Sunshine,"2,404",4.64,Lawson's Finest Liquids,American Imperial IPA,8.00%,new-england
408,JJJuliusss,544,4.65,Tree House Brewing Company,New England IPA,6.80%,new-england
409,Doubleganger,921,4.64,Tree House Brewing Company,New England IPA,8.20%,new-england
410,Abner,"2,770",4.63,Hill Farmstead Brewery,New England IPA,8.20%,new-england
411,Dinner,"2,427",4.63,Maine Beer Company,New England IPA,8.20%,new-england
412,Clover,164,4.67,Hill Farmstead Brewery,Belgian Saison,Saison,new-england
413,Double Citra,"1,974",4.61,Hill Farmstead Brewery,New England IPA,8.00%,new-england
414,Headroom,685,4.61,Trillium Brewing Company,New England IPA,8.00%,new-england
415,Aaron,620,4.61,Hill Farmstead Brewery,British Barleywine,eywine,new-england
416,Flora Plum,313,4.62,Hill Farmstead Brewery,Belgian Saison,Saison,new-england
417,Double Galaxy,"1,552",4.6,Hill Farmstead Brewery,New England IPA,8.00%,new-england
418,Ann,408,4.61,Hill Farmstead Brewery,Belgian Saison,6.50%,new-england
419,Double Dry Hopped Congress Street,"1,522",4.59,Trillium Brewing Company,New England IPA,7.20%,new-england
420,Triple Shot,461,4.6,Tree House Brewing Company,American Imperial Stout,9.00%,new-england
421,Triple Sunshine,900,4.59,Lawson's Finest Liquids,American Imperial IPA,10.30%,new-england
422,Green,"3,122",4.58,Tree House Brewing Company,New England IPA,7.60%,new-england
423,Doppelganger,"1,880",4.58,Tree House Brewing Company,New England IPA,8.20%,new-england
424,Double Dry Hopped Fort Point Pale Ale,"1,664",4.58,Trillium Brewing Company,American Pale Ale (APA),6.60%,new-england
425,Swish,"1,563",4.58,Bissell Brothers Brewing Co.,New England IPA,8.00%,new-england
426,Society & Solitude #4,"1,330",4.58,Hill Farmstead Brewery,New England IPA,8.00%,new-england
427,Gggreennn!,177,4.61,Tree House Brewing Company,New England IPA,7.50%,new-england
428,Focal Banger,"3,950",4.57,The Alchemist,New England IPA,7.00%,new-england
429,Haze,"2,859",4.57,Tree House Brewing Company,New England IPA,8.20%,new-england
430,Sip Of Sunshine,"5,673",4.56,Lawson's Finest Liquids,American Imperial IPA,8.00%,new-england
431,Permutation #109: Perm 52 + Perm 57,39,4.72,Trillium Brewing Company,American Imperial Stout,12.40%,new-england
432,Galaxy Dry Hopped Fort Point Pale Ale,"1,714",4.56,Trillium Brewing Company,American Pale Ale (APA),6.60%,new-england
433,Ephraim,"1,076",4.56,Hill Farmstead Brewery,New England IPA,10.00%,new-england
434,Moment Of Clarity,357,4.57,Tree House Brewing Company,English Sweet / Milk Stout,7.70%,new-england
435,Alter Ego,"2,449",4.55,Tree House Brewing Company,New England IPA,6.80%,new-england
436,Beyond Good And Evil,678,4.55,Hill Farmstead Brewery,American Imperial Stout,Stout,new-england
437,Scaled Way Up,503,4.55,Trillium Brewing Company,New England IPA,8.00%,new-england
438,Society & Solitude #5,"1,566",4.54,Hill Farmstead Brewery,New England IPA,8.10%,new-england
439,Hold On To Sunshine,426,4.55,Tree House Brewing Company,English Sweet / Milk Stout,7.60%,new-england
440,Double Shot,"1,060",4.54,Tree House Brewing Company,American Stout,7.60%,new-england
441,Double Nelson,331,4.55,Hill Farmstead Brewery,New England IPA,8.00%,new-england
442,Cutting Tiles (Mosaic),"1,327",4.53,Trillium Brewing Company,New England IPA,8.50%,new-england
443,Permutation Series #57: Imperial Stout w/ Coconut & Vanilla,109,4.58,Trillium Brewing Company,American Imperial Stout,13.20%,new-england
444,In Perpetuity,"1,000",4.53,Tree House Brewing Company,New England IPA,6.70%,new-england
445,I Will Not Be Afraid,103,4.58,Tree House Brewing Company,English Sweet / Milk Stout,9.30%,new-england
446,Society & Solitude #6,942,4.52,Hill Farmstead Brewery,New England IPA,8.10%,new-england
447,"Somewhere, Something Incredible Is Waiting To Be Known",328,4.53,Tree House Brewing Company,English Sweet / Milk Stout,7.90%,new-england
448,Trillium / Monkish - Insert Hip Hop Reference There,87,4.58,Trillium Brewing Company,New England IPA,10.00%,new-england
449,Miles To Go Before I Sleep,108,4.56,Tree House Brewing Company,English Sweet / Milk Stout,9.10%,new-england
450,Melcher Street (Double Dry-Hopped),"1,291",4.51,Trillium Brewing Company,New England IPA,7.20%,new-england
451,Mosaic Dry Hopped Fort Point,"1,237",4.51,Trillium Brewing Company,American Pale Ale (APA),6.60%,new-england
452,Upper Case,971,4.51,Trillium Brewing Company,New England IPA,9.00%,new-england
453,Dorothy (Wine Barrel Aged),217,4.53,Hill Farmstead Brewery,Belgian Saison,7.00%,new-england
454,Impermanence,332,4.52,Tree House Brewing Company,English Sweet / Milk Stout,9.00%,new-england
455,Genealogy Of Morals - Bourbon Barrel-Aged,657,4.51,Hill Farmstead Brewery,American Imperial Stout,10.70%,new-england
456,Cutting Tiles (Galaxy),560,4.51,Trillium Brewing Company,New England IPA,8.50%,new-england
457,Everett Porter,"2,781",4.5,Hill Farmstead Brewery,American Porter,7.50%,new-england
458,Congress Street IPA,"2,334",4.5,Trillium Brewing Company,New England IPA,7.20%,new-england
459,Susan,"2,001",4.5,Hill Farmstead Brewery,New England IPA,6.20%,new-england
460,Heavy Mettle,"1,171",4.5,Trillium Brewing Company,New England IPA,9.30%,new-england
461,All That Is And All That Ever Will Be,329,4.51,Tree House Brewing Company,English Sweet / Milk Stout,6.50%,new-england
462,Art,497,4.5,Hill Farmstead Brewery,Belgian Saison,6.50%,new-england
463,Coconut PM Dawn,93,4.54,Trillium Brewing Company,American Imperial Stout,9.00%,new-england
464,Crusher,"2,224",4.48,The Alchemist,New England IPA,8.00%,new-england
465,Flora - Blueberry,247,4.5,Hill Farmstead Brewery,Belgian Saison,Saison,new-england
466,Damon (Bourbon Barrel Aged),781,4.48,Hill Farmstead Brewery,Russian Imperial Stout,10.50%,new-england
467,Coolship Red,705,4.48,Allagash Brewing Company,Belgian Fruit Lambic,5.70%,new-england
468,Juicy,687,4.48,Hill Farmstead Brewery,Belgian Saison,7.40%,new-england
469,Locust Reign,371,4.48,New England Brewing Co.,New England IPA,8.20%,new-england
470,Fuzzy Baby Ducks,"1,053",4.47,New England Brewing Co.,New England IPA,6.20%,new-england
471,Double Shot - Oreo,29,4.65,Tree House Brewing Company,American Imperial Stout,9.20%,new-england
472,Double Shot - 6th Anniversary Blend,53,4.56,Tree House Brewing Company,American Imperial Stout,9.20%,new-england
473,Samuel Adams Utopias,"2,673",4.46,Boston Beer Company (Samuel Adams),American Strong Ale,28.00%,new-england
474,Fort Point Pale Ale,"2,187",4.46,Trillium Brewing Company,American Pale Ale (APA),6.60%,new-england
475,Second Fiddle,"2,175",4.46,Fiddlehead Brewing Company,American Imperial IPA,8.20%,new-england
476,Birth Of Tragedy,"1,270",4.46,Hill Farmstead Brewery,American Imperial Porter,9.00%,new-england
477,Double Dry Hopped Sleeper Street,"1,065",4.46,Trillium Brewing Company,New England IPA,7.20%,new-england
478,Flora,770,4.46,Hill Farmstead Brewery,Belgian Saison,4.80%,new-england
479,Triple Shot - Batch 1000,42,4.58,Tree House Brewing Company,American Imperial Stout,10.10%,new-england
480,The Chosen One (Double Dry-Hopped),21,4.7,Tilted Barn Brewery,New England IPA,8.50%,new-england
481,The Chosen One,123,4.49,Tilted Barn Brewery,New England IPA,8.50%,new-england
482,Vicinity,"1,710",4.45,Trillium Brewing Company,New England IPA,8.00%,new-england
483,Mosaic IPA,358,4.46,Hill Farmstead Brewery,New England IPA,6.00%,new-england
484,Scaled Up,922,4.45,Trillium Brewing Company,New England IPA,8.00%,new-england
485,Double Shot - Vanilla Bean,114,4.49,Tree House Brewing Company,American Imperial Stout,9.20%,new-england
486,Florence Puncheon,54,4.54,Hill Farmstead Brewery,Belgian Saison,Saison,new-england
487,Pow Pow,240,4.46,Trillium Brewing Company,New England IPA,8.50%,new-england
488,Epiphany,"1,157",4.44,Foundation Brewing Company,New England IPA,8.00%,new-england
489,Human Condition,199,4.46,Tree House Brewing Company,English Sweet / Milk Stout,7.90%,new-england
490,Dialed In (w/ Sauvignon Blanc Juice),787,4.44,Trillium Brewing Company,American Imperial IPA,8.50%,new-england
491,AAAlterrr Ego,294,4.45,Tree House Brewing Company,New England IPA,6.80%,new-england
492,Single Shot - Vanilla Bean,274,4.45,Tree House Brewing Company,English Sweet / Milk Stout,6.40%,new-england
493,Double Shot - Guatemala El Socorro Maracaturra,57,4.52,Tree House Brewing Company,American Imperial Stout,9.60%,new-england
494,Curiosity Fifty Nine,57,4.52,Tree House Brewing Company,American Imperial IPA,8.20%,new-england
495,Peanut Butter PM Dawn,167,4.46,Trillium Brewing Company,American Imperial Stout,10.10%,new-england
496,Edward,"2,829",4.43,Hill Farmstead Brewery,American Pale Ale (APA),5.20%,new-england
497,Mastermind,"1,421",4.43,Fiddlehead Brewing Company,New England IPA,8.10%,new-england
498,Nothing Gold,369,4.44,Bissell Brothers Brewing Co.,New England IPA,8.20%,new-england
499,Double Shot - Marshmallow,20,4.68,Tree House Brewing Company,American Imperial Stout,9.60%,new-england
500,Nectarine Premiere,335,4.64,de Garde Brewing,Belgian Saison,7.10%,northwest
501,The Broken Truck,294,4.6,de Garde Brewing,American Wild Ale,5.00%,northwest
502,Coffee Cinnamon B-Bomb,988,4.56,Fremont Brewing Company,American Strong Ale,13.00%,northwest
503,The Peach,255,4.58,de Garde Brewing,American Wild Ale,7.30%,northwest
504,The Rusty Nail,574,4.56,Fremont Brewing Company,English Oatmeal Stout,14.50%,northwest
505,Notorious Triple IPA,847,4.54,Boneyard Beer Company,American Imperial IPA,12.00%,northwest
506,A Deal With The Devil,"1,085",4.53,Anchorage Brewing Company,American Barleywine,17.30%,northwest
507,Bourbon Barrel Aged Dark Star: Coffee Edition,797,4.52,Fremont Brewing Company,English Oatmeal Stout,13.10%,northwest
508,Double Stack,564,4.52,Great Notion Brewing,American Imperial Stout,11.00%,northwest
509,Coconut B-Bomb,228,4.51,Fremont Brewing Company,American Strong Ale,13.00%,northwest
510,The Abyss,"7,416",4.47,Deschutes Brewery,American Imperial Stout,11.40%,northwest
511,Midnight Still,141,4.51,Holy Mountain Brewing Company,American Imperial Stout,12.50%,northwest
512,Adam From The Wood,"1,010",4.47,Hair Of The Dog Brewing Company / Brewery And Tasting Room,English Old Ale,12.00%,northwest
513,The Lily,192,4.49,de Garde Brewing,American Wild Ale,7.00%,northwest
514,Bourbon Barrel Aged Dark Star,736,4.46,Fremont Brewing Company,English Oatmeal Stout,14.00%,northwest
515,Mother Of All Storms,"2,075",4.45,Pelican Pub & Brewery,British Barleywine,14.00%,northwest
516,Sang Noir,"1,812",4.45,Cascade Brewing / Raccoon Lodge & Brewpub,American Wild Ale,9.30%,northwest
517,Peche 'n Brett,"1,419",4.44,Logsdon Farmhouse Ales,Belgian Saison,10.00%,northwest
518,Matt,889,4.44,Hair Of The Dog Brewing Company / Brewery And Tasting Room,American Strong Ale,11.50%,northwest
519,B-Bomb (Bourbon Abominable Winter Ale),"1,261",4.43,Fremont Brewing Company,American Strong Ale,14.00%,northwest
520,Hop Venom Double IPA,"1,001",4.43,Boneyard Beer Company,American Imperial IPA,8.90%,northwest
521,Juice Box,215,4.45,Great Notion Brewing,New England IPA,8.20%,northwest
522,The Lucy,155,4.46,de Garde Brewing,American Wild Ale,8.00%,northwest
523,Brew 3000,58,4.5,Fremont Brewing Company,British Barleywine,13.20%,northwest
524,Turbulent Consequence: Peche,116,4.45,Block 15 Brewery & Restaurant,American Wild Ale,6.25%,northwest
525,Blueberry Muffin,201,4.42,Great Notion Brewing,Berliner Weisse,5.50%,northwest
526,de Garde / SARA / Jester King - Elements Of Composition,57,4.49,de Garde Brewing,American Wild Ale,6.20%,northwest
527,Cascade Noyaux,970,4.39,Cascade Brewing / Raccoon Lodge & Brewpub,American Wild Ale,8.50%,northwest
528,Special Rouge,197,4.41,de Garde Brewing,American Wild Ale,6.40%,northwest
529,Framiscus,67,4.46,de Garde Brewing,American Wild Ale,6.20%,northwest
530,The Archer,170,4.41,de Garde Brewing,American Wild Ale,7.00%,northwest
531,Golden Canary,123,4.42,Block 15 Brewery & Restaurant,American Wild Ale,7.25%,northwest
532,Cascade Sang Royal,935,4.38,Cascade Brewing / Raccoon Lodge & Brewpub,American Wild Ale,9.35%,northwest
533,Cowiche Canyon Organic Fresh Hop Ale,297,4.39,Fremont Brewing Company,American Pale Ale (APA),6.00%,northwest
534,Fantasia,513,4.38,Upright Brewing Company,American Wild Ale,5.75%,northwest
535,Hose,382,4.38,de Garde Brewing,Leipzig Gose,4.00%,northwest
536,Special Herbs (Seasonal),198,4.39,Upright Brewing Company,Scottish Gruit / Ancient Herbed Ale,5.70%,northwest
537,Citra Hose,135,4.4,de Garde Brewing,Leipzig Gose,4.00%,northwest
538,Nelson Hose,180,4.39,de Garde Brewing,Leipzig Gose,5.00%,northwest
539,Midnight Still (Hazelnut/Cacao),12,4.8,Holy Mountain Brewing Company,American Imperial Stout,13.00%,northwest
540,Arctic Devil Barley Wine,"1,377",4.36,Midnight Sun Brewing Co.,British Barleywine,13.20%,northwest
541,Bourbon Barrel Aged Dark Star: Spice Wars,319,4.37,Fremont Brewing Company,English Oatmeal Stout,14.50%,northwest
542,Sahalie,477,4.36,The Ale Apothecary,American Wild Ale,9.83%,northwest
543,Kentucky Peach,64,4.43,Cascade Brewing / Raccoon Lodge & Brewpub,American Wild Ale,8.30%,northwest
544,The Truffle,51,4.45,de Garde Brewing,American Wild Ale,5.00%,northwest
545,Great Grandfather Raven,36,4.49,Black Raven Brewing Co.,American Imperial Stout,11.70%,northwest
546,Apricot Ale,"1,792",4.34,Cascade Brewing / Raccoon Lodge & Brewpub,American Wild Ale,8.50%,northwest
547,Misère Au Borinage,68,4.41,Holy Mountain Brewing Company,Belgian Saison,4.80%,northwest
548,Clarette,40,4.46,Holy Mountain Brewing Company,American Wild Ale,ld Ale,northwest
549,The Duo,51,4.43,de Garde Brewing,American Wild Ale,6.00%,northwest
550,Juice Jr.,167,4.36,Great Notion Brewing,New England IPA,6.00%,northwest
551,Sticky Hands,454,4.34,Block 15 Brewery & Restaurant,American Imperial IPA,8.10%,northwest
552,Intergalactic Hop Shop,60,4.41,Block 15 Brewery & Restaurant,New England IPA,7.75%,northwest
553,Berserker Imperial Stout,"1,207",4.33,Midnight Sun Brewing Co.,American Imperial Stout,12.70%,northwest
554,Cherry Adam From The Wood,872,4.33,Hair Of The Dog Brewing Company / Brewery And Tasting Room,English Old Ale,13.50%,northwest
555,The Orchard,24,4.53,de Garde Brewing,American Wild Ale,6.40%,northwest
556,The Boysenberry,88,4.38,de Garde Brewing,American Wild Ale,7.00%,northwest
557,Sticky Hands- Tropical Slam,37,4.45,Block 15 Brewery & Restaurant,American Imperial IPA,8.25%,northwest
558,Sahalie Fresh Hop,22,4.54,The Ale Apothecary,American Wild Ale,8.79%,northwest
559,Citra Bitter Monk,"1,053",4.32,Anchorage Brewing Company,Belgian IPA,9.00%,northwest
560,Tank Slapper DIPA,51,4.41,Barley Brown's Brewpub,American Imperial IPA,9.00%,northwest
561,RPM IPA,929,4.32,Boneyard Beer Company,American IPA,7.50%,northwest
562,Super Over Ripe,14,4.65,Great Notion Brewing,American Imperial IPA,11.00%,northwest
563,Astral Projection,48,4.4,Holy Mountain Brewing Company,New England IPA,9.20%,northwest
564,Super Ripe,41,4.41,Great Notion Brewing,American Imperial IPA,9.50%,northwest
565,Roseberry,73,4.36,de Garde Brewing,American Wild Ale,6.20%,northwest
566,Special Violet,55,4.38,de Garde Brewing,American Wild Ale,6.40%,northwest
567,Sloth - Belgian-Style Imperial Stout,129,4.33,Midnight Sun Brewing Co.,Russian Imperial Stout,10.20%,northwest
568,Pallet Jack IPA,242,4.31,Barley Brown's Brewpub,American IPA,7.20%,northwest
569,Chaos,38,4.41,Barley Brown's Brewpub,American Black Ale,10.30%,northwest
570,The Kriek,44,4.39,de Garde Brewing,American Wild Ale,7.00%,northwest
571,Ripe IPA,134,4.32,Great Notion Brewing,New England IPA,6.00%,northwest
572,Spencer,39,4.4,The Ale Apothecary,American Wild Ale,10.70%,northwest
573,Space Invader,67,4.35,Great Notion Brewing,New England IPA,7.00%,northwest
574,Lee Kriek,95,4.33,de Garde Brewing,American Wild Ale,8.40%,northwest
575,Devil's Cuvee Kriek,28,4.44,Double Mountain Brewery & Taproom,Flanders Red Ale,9.50%,northwest
576,More Is More Triple IPA,26,4.45,Anchorage Brewing Company,American Imperial IPA,9.00%,northwest
577,Black Mirror,20,4.5,Deschutes Brewery,American Barleywine,13.00%,northwest
578,The Bluest,29,4.43,de Garde Brewing,American Wild Ale,7.00%,northwest
579,Over-Ripe,29,4.43,Great Notion Brewing,New England IPA,6.00%,northwest
580,The Vigne,27,4.44,de Garde Brewing,American Wild Ale,7.00%,northwest
581,Armored Fist Double CDA,222,4.29,Boneyard Beer Company,American Black Ale,10.00%,northwest
582,Bar Fly (Bourbon Barrel Aged),200,4.29,Midnight Sun Brewing Co.,American Imperial Stout,11.60%,northwest
583,Four Play,194,4.29,Upright Brewing Company,Belgian Saison,5.00%,northwest
584,Seizoen Bretta,"1,542",4.27,Logsdon Farmhouse Ales,Belgian Saison,8.00%,northwest
585,Cascade Vlad The Imp Aler,738,4.27,Cascade Brewing / Raccoon Lodge & Brewpub,American Wild Ale,12.30%,northwest
586,The Beer Formerly Known As (TBFKA) La Tache,272,4.28,The Ale Apothecary,American Wild Ale,8.50%,northwest
587,The Abyss (Brandy Barrel-Aged),249,4.28,Deschutes Brewery,American Imperial Stout,13.40%,northwest
588,Sahati,147,4.29,The Ale Apothecary,Finnish Sahti,10.50%,northwest
589,Diesel Imperial Stout,62,4.33,Cascade Brewing / Raccoon Lodge & Brewpub,American Imperial Stout,8.80%,northwest
590,Old Birdbrain,103,4.3,Black Raven Brewing Co.,American Barleywine,11.50%,northwest
591,Adam,"2,550",4.26,Hair Of The Dog Brewing Company / Brewery And Tasting Room,English Old Ale,10.00%,northwest
592,Manhattan NW,358,4.27,Cascade Brewing / Raccoon Lodge & Brewpub,American Wild Ale,10.30%,northwest
593,Blimey That's Bitter!,100,4.3,Reuben's Brews,American Imperial IPA,10.50%,northwest
594,Cran Bu,129,4.29,de Garde Brewing,Berliner Weisse,2.30%,northwest
595,Mogli,806,4.26,Caldera Brewing Company,American Imperial Porter,8.50%,northwest
596,Cascade Bourbonic Plague,619,4.26,Cascade Brewing / Raccoon Lodge & Brewpub,American Wild Ale,10.50%,northwest
597,Super Nebula,226,4.27,Block 15 Brewery & Restaurant,American Imperial Stout,11.00%,northwest
598,Fresh Squeezed IPA,"5,407",4.25,Deschutes Brewery,American IPA,6.40%,northwest
599,Blueberry Pancakes,22,4.44,Great Notion Brewing,American Imperial Stout,8.00%,northwest
600,Pliny The Younger,"3,259",4.69,Russian River Brewing Company,American Imperial IPA,10.25%,pacific
601,Fundamental Observation,"1,302",4.69,Bottle Logic Brewing,American Imperial Stout,14.30%,pacific
602,Westly,355,4.67,Sante Adairius Rustic Ales,American Wild Ale,8.50%,pacific
603,Speedway Stout - Vietnamese Coffee - Bourbon-Barrel Aged,918,4.65,AleSmith Brewing Company,American Imperial Stout,12.00%,pacific
604,Pliny The Elder,"15,128",4.64,Russian River Brewing Company,American Imperial IPA,8.00%,pacific
605,Duck Duck Gooze,"1,891",4.62,The Lost Abbey,Belgian Gueuze,7.00%,pacific
606,Parabola,"6,941",4.61,Firestone Walker Brewing Co.,Russian Imperial Stout,13.00%,pacific
607,Cable Car,"1,073",4.58,The Lost Abbey,American Wild Ale,7.00%,pacific
608,Pugachev Royale,309,4.59,Hangar 24 Brewing,Russian Imperial Stout,14.80%,pacific
609,Black Tuesday - Reserve,261,4.59,The Bruery,American Imperial Stout,20.50%,pacific
610,Citra,"1,801",4.56,Kern River Brewing Company,American Imperial IPA,8.00%,pacific
611,West Ashley,"1,120",4.56,Sante Adairius Rustic Ales,American Wild Ale,7.30%,pacific
612,Supplication,"6,576",4.55,Russian River Brewing Company,American Wild Ale,7.75%,pacific
613,Beatification,"2,791",4.55,Russian River Brewing Company,American Wild Ale,6.00%,pacific
614,Black Tuesday,"4,080",4.54,The Bruery,American Imperial Stout,19.50%,pacific
615,Parabajava,875,4.54,Firestone Walker Brewing Co.,Russian Imperial Stout,14.00%,pacific
616,Chocolate Rain,"2,800",4.53,The Bruery,American Imperial Stout,19.60%,pacific
617,Modem Tones - Bourbon Barrel-Aged - Vanilla,72,4.62,Modern Times Beer,American Imperial Stout,14.40%,pacific
618,Proper Dose,57,4.64,Horus Aged Ales,American Imperial Stout,13.90%,pacific
619,Great,724,4.53,Alpine Beer Company,American Barleywine,14.00%,pacific
620,§ucaba,"5,353",4.52,Firestone Walker Brewing Co.,British Barleywine,12.50%,pacific
621,Speedway Stout - Bourbon Barrel-Aged,"2,253",4.52,AleSmith Brewing Company,American Imperial Stout,12.00%,pacific
622,Grey Monday,"1,866",4.51,The Bruery,American Imperial Stout,19.90%,pacific
623,Saison Bernice,994,4.51,Sante Adairius Rustic Ales,Belgian Saison,6.50%,pacific
624,Ground State,617,4.51,Bottle Logic Brewing,American Imperial Stout,13.40%,pacific
625,Kiwi Herman,290,4.52,Alpine Beer Company,American Wild Ale,7.00%,pacific
626,Speedway Stout - Vietnamese Coffee,"1,952",4.5,AleSmith Brewing Company,American Imperial Stout,12.00%,pacific
627,Mocha Wednesday,"1,444",4.5,The Bruery,American Imperial Stout,19.90%,pacific
628,Leche Borracho,412,4.51,Bottle Logic Brewing,American Imperial Stout,11.00%,pacific
629,Space Trace,351,4.51,Bottle Logic Brewing,American Imperial Stout,11.10%,pacific
630,Bad Boy,582,4.5,Alpine Beer Company,American Imperial IPA,9.00%,pacific
631,Foggy Window,202,4.52,Monkish Brewing Co.,New England IPA,8.10%,pacific
632,Consecration,"5,497",4.49,Russian River Brewing Company,American Wild Ale,10.00%,pacific
633,Number Crunch,185,4.52,Bottle Logic Brewing,American Imperial Stout,13.60%,pacific
634,Foggier Window,207,4.51,Monkish Brewing Co.,New England IPA,8.10%,pacific
635,Sante Adairius / Triple Rock Cellarman Barrel Aged Saison,509,4.49,Sante Adairius Rustic Ales,Belgian Saison,6.50%,pacific
636,Monster Tones,23,4.74,Modern Times Beer,American Imperial Stout,13.00%,pacific
637,Jam The Radar,301,4.49,Bottle Logic Brewing,American Imperial Stout,13.70%,pacific
638,Stickee Monkee,"2,869",4.47,Firestone Walker Brewing Co.,Belgian Quadrupel (Quad),12.50%,pacific
639,Red Eye November,259,4.49,Bottle Logic Brewing,Russian Imperial Stout,13.20%,pacific
640,Darkstar November,618,4.47,Bottle Logic Brewing,Russian Imperial Stout,13.70%,pacific
641,Imperial Eclipse Stout - Elijah Craig (12 Year),"2,003",4.46,FiftyFifty Brewing Co.,American Imperial Stout,11.90%,pacific
642,Fyodor,"1,373",4.46,Stone Brewing,Russian Imperial Stout,13.10%,pacific
643,Vastness Of Space - Bourbon Barrel-Aged,79,4.53,Cellarmaker Brewing Co.,American Imperial Stout,11.00%,pacific
644,Temptation,"3,797",4.45,Russian River Brewing Company,American Wild Ale,7.50%,pacific
645,Atomically,74,4.52,Monkish Brewing Co.,American Imperial IPA,8.30%,pacific
646,Nelson,"4,186",4.44,Alpine Beer Company,American IPA,7.00%,pacific
647,Winter Ale (5th Anniversary Ale),375,4.45,Kern River Brewing Company,American Imperial IPA,8.00%,pacific
648,Speedway Stout - Jamaica Blue Mountain Coffee,647,4.44,AleSmith Brewing Company,American Imperial Stout,12.00%,pacific
649,Citra Showers,566,4.44,Noble Ale Works,American Imperial IPA,8.80%,pacific
650,Appreciation,278,4.45,Sante Adairius Rustic Ales,Belgian Saison,7.30%,pacific
651,"Biggie, Biggie, Biggie",35,4.59,Monkish Brewing Co.,New England IPA,10.10%,pacific
652,Framboise For A Cure,"1,068",4.43,Russian River Brewing Company,American Wild Ale,6.50%,pacific
653,Rue D'Floyd,758,4.43,The Bruery,American Imperial Porter,14.40%,pacific
654,Compunction,293,4.44,Russian River Brewing Company,American Wild Ale,7.40%,pacific
655,Sour In The Rye - Peaches,582,4.43,Bruery Terreux,American Wild Ale,7.00%,pacific
656,Yojo,93,4.48,Moonraker Brewing Company,New England IPA,7.00%,pacific
657,Exponential Hoppiness,"1,328",4.42,Alpine Beer Company,American Imperial IPA,11.00%,pacific
658,Double Dobis,161,4.45,Cellarmaker Brewing Co.,American Imperial IPA,8.50%,pacific
659,Oude Tart - Cherries,"1,201",4.42,Bruery Terreux,Flanders Red Ale,8.80%,pacific
660,Recency Effect,37,4.56,Sante Adairius Rustic Ales,Belgian Saison,7.00%,pacific
661,Enjoy By IPA,"11,079",4.41,Stone Brewing,American Imperial IPA,9.40%,pacific
662,Map Of The Sun,499,4.42,The Rare Barrel,American Wild Ale,6.30%,pacific
663,Mélange No. 3,"2,010",4.41,The Bruery,American Strong Ale,16.30%,pacific
664,Old Stock Cellar Reserve (Aged In Bourbon Barrels),"1,118",4.41,North Coast Brewing Co.,English Old Ale,13.16%,pacific
665,Bomb Atomically,72,4.48,Monkish Brewing Co.,American Imperial IPA,8.30%,pacific
666,Babbleship,34,4.56,Monkish Brewing Co.,New England IPA,8.20%,pacific
667,Black Tuesday - Port Barrel-Aged,131,4.44,The Bruery,American Imperial Stout,17.80%,pacific
668,Born Yesterday Pale Ale,"2,675",4.4,Lagunitas Brewing Company,American Pale Ale (APA),7.70%,pacific
669,Mikhail's Odd,128,4.44,Stone Brewing,American Imperial Stout,13.90%,pacific
670,Victory At Sea - Barrel-Aged,363,4.41,Ballast Point Brewing Company,American Imperial Porter,12.20%,pacific
671,Box Set Track #10 - Bat Out Of Hell,"1,120",4.4,The Lost Abbey,American Imperial Stout,13.50%,pacific
672,Sour In The Rye - Kumquats,"1,009",4.4,Bruery Terreux,American Wild Ale,7.20%,pacific
673,Bretta Rosé,969,4.4,Firestone Walker Brewing Co.,Berliner Weisse,5.30%,pacific
674,Spock It,117,4.44,Monkish Brewing Co.,New England IPA,6.50%,pacific
675,The Pupil,937,4.4,Societe Brewing Co.,American IPA,7.50%,pacific
676,Adios Ghost,18,4.69,Monkish Brewing Co.,American Imperial IPA,10.20%,pacific
677,Victory At Sea - Coffee And Vanilla,"7,106",4.39,Ballast Point Brewing Company,American Imperial Porter,10.00%,pacific
678,"Home, Sour Home",439,4.4,The Rare Barrel,American Wild Ale,5.80%,pacific
679,Beats Is Infinite,62,4.47,Monkish Brewing Co.,American Imperial IPA,8.30%,pacific
680,Cask 200,352,4.4,Sante Adairius Rustic Ales,American Wild Ale,6.50%,pacific
681,Infinite Wishes,141,4.42,Smog City Brewing,American Imperial Stout,12.00%,pacific
682,Sculpin,"14,417",4.38,Ballast Point Brewing Company,American IPA,7.00%,pacific
683,Speedway Stout,"7,096",4.38,AleSmith Brewing Company,American Imperial Stout,12.00%,pacific
684,DOJO,73,4.45,Moonraker Brewing Company,American Imperial IPA,8.40%,pacific
685,Coconut Rye Parabola,120,4.42,Firestone Walker Brewing Co.,Russian Imperial Stout,12.20%,pacific
686,Soliloquy,198,4.4,The Rare Barrel,American Wild Ale,5.40%,pacific
687,Zeus Imperial IPA,181,4.4,Lengthwise Brewing Company,American Imperial IPA,10.00%,pacific
688,Hopfather,180,4.4,Russian River Brewing Company,American IPA,7.00%,pacific
689,I Never Sleep,43,4.49,Monkish Brewing Co.,American Imperial IPA,8.40%,pacific
690,Speedway Stout - Hammerhead,413,4.38,AleSmith Brewing Company,American Imperial Stout,12.00%,pacific
691,Speedway Stout - Velvet,118,4.41,AleSmith Brewing Company,American Imperial Stout,12.00%,pacific
692,Imperial Coffee And Cigarettes,130,4.4,Cellarmaker Brewing Co.,Smoke Porter,10.40%,pacific
693,Dinosaur World,102,4.41,Modern Times Beer,New England IPA,8.00%,pacific
694,Speedway Stout - Kopi Luwak,546,4.37,AleSmith Brewing Company,American Imperial Stout,12.00%,pacific
695,Dank Statement,63,4.44,Cellarmaker Brewing Co.,American Imperial IPA,10.80%,pacific
696,Blind Pig,"5,940",4.36,Russian River Brewing Company,American IPA,6.25%,pacific
697,Stronger Than Fiction,161,4.39,Bottle Logic Brewing,American Strong Ale,14.20%,pacific
698,Frambuesa De La Casa,33,4.51,Casa Agria Specialty Ales,Belgian Saison,6.70%,pacific
699,Tart Of Darkness - Cherries And Vanilla,445,4.37,Bruery Terreux,American Wild Ale,7.00%,pacific
700,Ghost In The Machine - Double Dry-Hopped,218,4.63,Parish Brewing Company,New England IPA,8.00%,south
701,BDCS,481,4.52,Ozark Beer Co.,American Imperial Stout,10.20%,south
702,Ghost In The Machine,915,4.46,Parish Brewing Company,New England IPA,8.00%,south
703,El Gordo,130,4.48,Good People Brewing Company,Russian Imperial Stout,13.90%,south
704,Rêve,101,4.45,Parish Brewing Company,American Stout,6.60%,south
705,Attention Please,100,4.45,Bearded Iris Brewing,American Imperial IPA,8.20%,south
706,Astronaut Status,178,4.38,Wiseacre Brewing,American Imperial Stout,12.20%,south
707,Nova Vert,145,4.37,Parish Brewing Company,New England IPA,6.80%,south
708,Baba Yaga,22,4.57,Ethereal Brewing,Russian Imperial Stout,13.10%,south
709,Snake Cake,37,4.47,West Sixth Brewing Company,American Imperial Stout,13.00%,south
710,70K,357,4.32,Against The Grain Brewery & Smokehouse,English Sweet / Milk Stout,13.00%,south
711,Attacus Atlas,67,4.38,Parish Brewing Company,American Imperial IPA,9.00%,south
712,Attention Please! - DDH W/ Vic Secret & Mosaic,47,4.41,Bearded Iris Brewing,American Imperial IPA,8.20%,south
713,Double Homestyle,98,4.35,Bearded Iris Brewing,American Imperial IPA,8.20%,south
714,Bloom,85,4.35,Parish Brewing Company,New England IPA,6.50%,south
715,Chief Of Chiefs - Double Dry-Hopped,72,4.36,Bearded Iris Brewing,New England IPA,7.50%,south
716,Onyx Coffee Stout,40,4.4,Ozark Beer Co.,American Stout,5.30%,south
717,Hitchhiker,117,4.31,Good People Brewing Company,American IPA,7.40%,south
718,Bourbon Barrel-Aged Laika Stout,177,4.29,Straight To Ale,Russian Imperial Stout,11.70%,south
719,Bo & Luke,971,4.25,Against The Grain Brewery & Smokehouse,Russian Imperial Stout,13.00%,south
720,Illudium,88,4.29,Straight To Ale,English Old Ale,11.50%,south
721,Homestyle,314,4.25,Bearded Iris Brewing,New England IPA,6.00%,south
722,Tunnel Vision DDH with Citra,37,4.35,Bearded Iris Brewing,New England IPA,6.80%,south
723,Snake Handler Double IPA,604,4.24,Good People Brewing Company,American Imperial IPA,10.00%,south
724,V. Latte,41,4.33,Bearded Iris Brewing,American Imperial Stout,9.40%,south
725,El Gordo (Barrel Aged),30,4.36,Good People Brewing Company,Russian Imperial Stout,13.90%,south
726,Double Scatterbrain - DDH W/Citra,70,4.28,Bearded Iris Brewing,American Imperial IPA,8.00%,south
727,Embrace The Funk - Deux Rouges,106,4.26,Yazoo Brewing Company,Flanders Red Ale,6.20%,south
728,DDH Tunnel Vision,58,4.29,Bearded Iris Brewing,New England IPA,6.80%,south
729,Jucifer,121,4.25,Gnarly Barley Brewing Company,New England IPA,6.00%,south
730,Cabernet Barrel-Aged Laika Stout,172,4.24,Straight To Ale,Russian Imperial Stout,11.70%,south
731,Chasing Rainbows,35,4.33,Bearded Iris Brewing,American IPA,5.80%,south
732,Hotline,35,4.33,Bearded Iris Brewing,New England IPA,7.00%,south
733,Grace And Grit,156,4.24,Great Raft Brewing,American Imperial IPA,8.00%,south
734,Paradise Lost,59,4.28,Southern Prohibition Brewing,American Imperial IPA,8.10%,south
735,Crowd Control,171,4.23,Southern Prohibition Brewing,American Imperial IPA,8.00%,south
736,Nighty Night,54,4.27,Lost Forty Brewery,American Imperial Stout,11.20%,south
737,Snakes In A Barrel,42,4.29,West Sixth Brewing Company,American Imperial Stout,11.00%,south
738,Red Handed,62,4.26,Bearded Iris Brewing,American Imperial IPA,7.50%,south
739,Infinite Sadness,33,4.31,Country Boy Brewing,American Black Ale,12.00%,south
740,Grand Reserve,99,4.23,Parish Brewing Company,American Barleywine,11.00%,south
741,Attention Please! - DDH W/ Nelson Sauvin,16,4.43,Bearded Iris Brewing,American Imperial IPA,8.20%,south
742,Attention Please! - DDH W/ Galaxy,21,4.36,Bearded Iris Brewing,American Imperial IPA,8.20%,south
743,Crowd Control - Double Dry-Hopped,11,4.52,Southern Prohibition Brewing,American Imperial IPA,8.00%,south
744,DDH Noise Pollution,25,4.33,Southern Grist Brewing Co.,American Imperial IPA,7.50%,south
745,Imperial Reserve,54,4.25,Parish Brewing Company,American Imperial Stout,12.00%,south
746,Catalyst,49,4.25,Bearded Iris Brewing,American Imperial IPA,9.50%,south
747,Piety,79,4.22,New Orleans Lager & Ale Brewing Company (NOLA),American Wild Ale,4.00%,south
748,TENN No. 12 - Belgian-Style Quad,14,4.43,Tennessee Brew Works,Belgian Quadrupel (Quad),10.00%,south
749,Hex Clouds,28,4.3,Southern Prohibition Brewing,New England IPA,7.50%,south
750,Trash Panda IPA,36,4.27,Lost Forty Brewery,New England IPA,7.20%,south
751,Old Mad Joy,50,4.24,Great Raft Brewing,Baltic Porter,9.00%,south
752,Black Belle Imperial Stout,106,4.2,Blackstone Brewing Company,American Imperial Stout,10.20%,south
753,Embrace The Funk - Cherry Deux Rouges,46,4.24,Yazoo Brewing Company,Flanders Red Ale,6.20%,south
754,Chief Of Chiefs,36,4.26,Bearded Iris Brewing,American Imperial IPA,7.50%,south
755,London Balling,438,4.17,Against The Grain Brewery & Smokehouse,British Barleywine,12.50%,south
756,Selfie Destruct,22,4.32,Southern Prohibition Brewing,American IPA,6.60%,south
757,DDH Ever Clever,50,4.23,Bearded Iris Brewing,American Imperial IPA,8.50%,south
758,Maple Shade,35,4.26,Parish Brewing Company,American Imperial Stout,14.00%,south
759,Oceans Between Us,38,4.25,Great Raft Brewing,American IPA,7.00%,south
760,Noble Cuvee,67,4.21,Blackberry Farm Brewery,Belgian Saison,6.30%,south
761,Always Something,19,4.34,Southern Grist Brewing Co.,American Imperial IPA,al IPA,south
762,Unobtanium Barrel-Aged Old Ale,260,4.17,Straight To Ale,English Old Ale,11.50%,south
763,Korova Milk Porter With Peanut Butter,41,4.24,Gnarly Barley Brewing Company,American Porter,6.20%,south
764,Tunnel Vision,73,4.2,Bearded Iris Brewing,New England IPA,6.80%,south
765,Double IPA,32,4.26,Ozark Beer Co.,American Imperial IPA,8.50%,south
766,Bloom - Double Dry-Hopped,19,4.32,Parish Brewing Company,American IPA,6.70%,south
767,Fatso,85,4.18,Good People Brewing Company,Russian Imperial Stout,8.50%,south
768,Scatterbrain,112,4.17,Bearded Iris Brewing,American IPA,6.00%,south
769,Boil the Ocean,12,4.41,Southern Grist Brewing Co.,American Wild Ale,5.80%,south
770,[Insert Juicy Pun],21,4.29,Southern Grist Brewing Co.,American Imperial IPA,7.90%,south
771,Embrace The Funk - Lovin On Peaches,11,4.43,Yazoo Brewing Company,American Wild Ale,6.00%,south
772,Process Control,33,4.23,Southern Grist Brewing Co.,American IPA,7.50%,south
773,Embrace The Funk - Cassis Deux Rouges,13,4.38,Yazoo Brewing Company,Flanders Red Ale,6.20%,south
774,Wavelength,35,4.22,Bearded Iris Brewing,American Imperial IPA,8.30%,south
775,Envie - Double Dry-Hopped With Galaxy,13,4.37,Parish Brewing Company,American Pale Ale (APA),5.50%,south
776,Imperial Vanilla Black Currant Boysenberry Hill,10,4.44,Southern Grist Brewing Co.,Fruit and Field Beer,7.10%,south
777,Ricochet,17,4.31,Bearded Iris Brewing,American IPA,7.00%,south
778,Embrace The Funk - Foeder Beer #1,20,4.28,Yazoo Brewing Company,American Wild Ale,5.90%,south
779,Double Homestyle DDH w/ CITRA,13,4.36,Bearded Iris Brewing,American Imperial IPA,8.20%,south
780,Downtown North Porter,31,4.22,Druid City Brewing Company,American Imperial Porter,9.10%,south
781,All My Tomorrows,76,4.16,Great Raft Brewing,Belgian Saison,7.00%,south
782,Embrace The Funk - Deux Rouges Grand Cru,11,4.4,Yazoo Brewing Company,Flanders Red Ale,6.20%,south
783,NOMAH! (Scavenger Series - Northeast IPA),18,4.29,Mile Wide Beer Co.,American IPA,6.50%,south
784,Sue,872,4.12,Yazoo Brewing Company,American Imperial Porter,9.00%,south
785,Offbeat,89,4.15,Bearded Iris Brewing,American Imperial IPA,7.50%,south
786,Kaleidoscope,11,4.39,Bearded Iris Brewing,American IPA,6.00%,south
787,At Arm's Length,52,4.17,Great Raft Brewing,American Lager,6.00%,south
788,Uncle Disheveled,15,4.31,Mile Wide Beer Co.,American Stout,5.50%,south
789,Testify,59,4.16,Yalobusha Brewing Company,English Sweet / Milk Stout,9.00%,south
790,DDH Mixed Greens,28,4.21,Southern Grist Brewing Co.,New England IPA,6.20%,south
791,Heavy Hitter,13,4.33,Yalobusha Brewing Company,American Amber / Red Ale,8.00%,south
792,Braxton Labs New England IPA #001,23,4.22,Braxton Brewing Company,New England IPA,6.80%,south
793,Mixed Greens,38,4.17,Southern Grist Brewing Co.,American IPA,6.20%,south
794,Mosaic Singularity,16,4.27,Trimtab Brewing Company,New England IPA,6.20%,south
795,Big DIPA,15,4.28,Gnarly Barley Brewing Company,American Imperial IPA,8.20%,south
796,Răgana - Barrel-Aged,19,4.24,Southern Prohibition Brewing,Baltic Porter,8.80%,south
797,Breakfast Hero,31,4.18,Trimtab Brewing Company,English Sweet / Milk Stout,8.50%,south
798,Fad-tastic Vol. 1,13,4.3,Ethereal Brewing,New England IPA,7.10%,south
799,Jigsaw,13,4.3,Bearded Iris Brewing,American Imperial IPA,7.70%,south
800,Hunahpu's Imperial Stout - Double Barrel Aged,"1,603",4.73,Cigar City Brewing,American Imperial Stout,11.00%,south-atlantic
801,Barrel Aged Imperial German Chocolate Cupcake Stout,250,4.72,Angry Chair Brewing,American Imperial Stout,11.00%,south-atlantic
802,It Was All A Dream,116,4.73,J. Wakefield Brewing,American Imperial Stout,17.00%,south-atlantic
803,Morning Wood,"1,160",4.64,Funky Buddha Brewery,American Imperial Porter,12.00%,south-atlantic
804,Mexican Cake - Maple Bourbon Barrel-Aged,120,4.63,Westbrook Brewing Co.,American Imperial Stout,10.20%,south-atlantic
805,Hunahpu's Imperial Stout,"4,358",4.57,Cigar City Brewing,American Imperial Stout,11.00%,south-atlantic
806,Miami Madness,424,4.57,J. Wakefield Brewing,Berliner Weisse,5.50%,south-atlantic
807,I Let My Tape Rock,45,4.69,J. Wakefield Brewing,American Imperial Stout,17.00%,south-atlantic
808,Last Buffalo In The Park,832,4.55,Funky Buddha Brewery,American Imperial Porter,11.50%,south-atlantic
809,Wide Awake It's Morning,966,4.53,Funky Buddha Brewery,American Imperial Porter,10.00%,south-atlantic
810,Imperial German Chocolate Cupcake Stout,217,4.55,Angry Chair Brewing,American Imperial Stout,11.50%,south-atlantic
811,Label Us Notorious - Calvados BA Big Poppa,62,4.62,J. Wakefield Brewing,American Imperial Stout,17.00%,south-atlantic
812,Citraquench'l,276,4.53,Heist Brewery,New England IPA,7.10%,south-atlantic
813,DFPF,432,4.52,J. Wakefield Brewing,Berliner Weisse,3.50%,south-atlantic
814,Hunahpu's Imperial Stout - Bourbon Barrel-Aged,376,4.51,Cigar City Brewing,American Imperial Stout,14.60%,south-atlantic
815,Mexican Siberius Maximus,69,4.58,The Wrecking Bar Brewpub,Russian Imperial Stout,11.00%,south-atlantic
816,Double Orange Starfish,359,4.49,Aslin Beer Company,New England IPA,8.30%,south-atlantic
817,Maple Bacon Coffee Porter,"2,142",4.47,Funky Buddha Brewery,American Porter,6.40%,south-atlantic
818,Last Snow,"2,096",4.47,Funky Buddha Brewery,American Porter,6.40%,south-atlantic
819,Caffè Americano,"1,147",4.47,Cigar City Brewing,American Imperial Stout,12.00%,south-atlantic
820,Snozzberry,253,4.48,Green Man Brewery,American Wild Ale,5.50%,south-atlantic
821,Kentucky Christmas Morning,408,4.46,Hardywood Park Craft Brewery,English Sweet / Milk Stout,10.60%,south-atlantic
822,Marshal Zhukov's Imperial Stout - Zhukov's Penultimate Push,353,4.46,Cigar City Brewing,Russian Imperial Stout,11.00%,south-atlantic
823,Foolery,216,4.47,Hardywood Park Craft Brewery,English Sweet / Milk Stout,13.00%,south-atlantic
824,Trickery,509,4.45,Hardywood Park Craft Brewery,English Sweet / Milk Stout,13.50%,south-atlantic
825,Master Of Karate,431,4.45,Aslin Beer Company,New England IPA,8.40%,south-atlantic
826,Red Angel,298,4.45,Wicked Weed Brewing,American Wild Ale,7.00%,south-atlantic
827,Leon,560,4.44,Cigar City Brewing,British Barleywine,13.00%,south-atlantic
828,Rare DOS,410,4.44,Cycle Brewing,American Imperial Stout,10.00%,south-atlantic
829,Big Poppa,122,4.47,J. Wakefield Brewing,American Imperial Stout,15.00%,south-atlantic
830,Orange Starfish,335,4.44,Aslin Beer Company,New England IPA,5.70%,south-atlantic
831,Talking Backwards Triple IPA,80,4.49,Ocelot Brewing Company,American Imperial IPA,10.80%,south-atlantic
832,Mexican Coffee Cake,307,4.44,Westbrook Brewing Co.,American Imperial Stout,10.50%,south-atlantic
833,Never Never Again Again,54,4.52,The Veil Brewing Co.,Leipzig Gose,5.10%,south-atlantic
834,whiteferrari,181,4.45,The Veil Brewing Co.,New England IPA,8.00%,south-atlantic
835,RareR DOS,170,4.45,Cycle Brewing,American Imperial Stout,10.00%,south-atlantic
836,Existence,39,4.55,Creature Comforts,American Imperial Stout,11.80%,south-atlantic
837,Rocky Road,94,4.47,Angry Chair Brewing,American Imperial Stout,11.00%,south-atlantic
838,Maple Bourbon Barrel Aged Hunahpu's Imperial Stout,30,4.59,Cigar City Brewing,American Imperial Stout,15.40%,south-atlantic
839,Marshal Zhukov's Imperial Stout - Bourbon Barrel Aged,99,4.46,Cigar City Brewing,American Imperial Stout,12.60%,south-atlantic
840,Bootsy,114,4.45,Green Man Brewery,American Wild Ale,9.00%,south-atlantic
841,IdonteverEVERwanttoBU,92,4.46,The Veil Brewing Co.,New England IPA,9.30%,south-atlantic
842,Mind The Hop,271,4.42,Aslin Beer Company,New England IPA,9.50%,south-atlantic
843,Woke,65,4.48,Angry Chair Brewing,English Sweet / Milk Stout,10.00%,south-atlantic
844,Cocodamia,27,4.59,Cycle Brewing,American Imperial Stout,Stout,south-atlantic
845,Mexican Cake,"2,933",4.4,Westbrook Brewing Co.,American Imperial Stout,10.50%,south-atlantic
846,Rare Noa,46,4.51,Cycle Brewing,American Imperial Stout,Stout,south-atlantic
847,Bale,45,4.51,Aslin Beer Company,American Imperial Stout,13.50%,south-atlantic
848,Double Tapped,14,4.76,The Virginia Beer Company,New England IPA,8.00%,south-atlantic
849,Mexican Cake - Tequila Barrel-Aged,294,4.41,Westbrook Brewing Co.,American Imperial Stout,10.50%,south-atlantic
850,Veruca Snozzberry Gose,107,4.44,Funky Buddha Brewery,Leipzig Gose,5.20%,south-atlantic
851,Duende,58,4.48,Creature Comforts,American Imperial IPA,8.00%,south-atlantic
852,Follow Your Heart Southward,40,4.51,Casita Cerveceria,American Imperial Stout,11.00%,south-atlantic
853,Stellar Parallax,180,4.41,Aslin Beer Company,New England IPA,8.10%,south-atlantic
854,Über Quench'l,51,4.48,Heist Brewery,American Imperial IPA,8.20%,south-atlantic
855,Xquic's Maple Imperial Stout,33,4.53,Cigar City Brewing,American Imperial Stout,11.00%,south-atlantic
856,Tropicália,"1,337",4.38,Creature Comforts,American IPA,6.60%,south-atlantic
857,Blurred Is The Word,91,4.43,Heist Brewery,New England IPA,6.80%,south-atlantic
858,Lumberjack Morning Break - Bourbon Barrel-Aged,18,4.65,3 Sons Brewing Company,American Imperial Stout,13.00%,south-atlantic
859,Johann The Mango Thief,110,4.42,Aslin Beer Company,New England IPA,9.40%,south-atlantic
860,We Ded Mon,134,4.41,The Veil Brewing Co.,New England IPA,11.00%,south-atlantic
861,Angry Chair / Prairie - Barrel Aged Adjunct Trail,11,4.82,Angry Chair Brewing,American Imperial Stout,11.00%,south-atlantic
862,Pulp,252,4.39,Civil Society Brewing,American Pale Wheat Ale,6.30%,south-atlantic
863,Angel Of Darkness,166,4.4,Wicked Weed Brewing,American Wild Ale,11.00%,south-atlantic
864,Marshal Zhukov's Imperial Stout,"2,939",4.37,Cigar City Brewing,Russian Imperial Stout,11.80%,south-atlantic
865,Juan de Bolas,30,4.53,Aslin Beer Company,American Imperial Stout,15.00%,south-atlantic
866,Blurred Up,42,4.48,Heist Brewery,American Imperial IPA,8.40%,south-atlantic
867,Citronious,74,4.43,Calusa Brewing,New England IPA,6.50%,south-atlantic
868,Framboos Morte,133,4.4,Wicked Weed Brewing,American Wild Ale,6.60%,south-atlantic
869,Ruse,104,4.41,Hardywood Park Craft Brewery,English Sweet / Milk Stout,11.30%,south-atlantic
870,ImdonewithU,72,4.43,The Veil Brewing Co.,New England IPA,11.00%,south-atlantic
871,Rare DOS 1,45,4.47,Cycle Brewing,American Imperial Stout,Stout,south-atlantic
872,Big Sound Scotch Ale - Bourbon Barrel Aged,669,4.37,Cigar City Brewing,Scotch Ale / Wee Heavy,8.50%,south-atlantic
873,Vanilla Espresso Piiti Porter,41,4.48,Funky Buddha Brewery,American Porter,6.30%,south-atlantic
874,German Chocolate Cupcake Stout,243,4.38,Angry Chair Brewing,English Sweet / Milk Stout,7.00%,south-atlantic
875,Dunley Place,115,4.4,Aslin Beer Company,New England IPA,8.00%,south-atlantic
876,Master Of Karate - Double Dry-Hopped,52,4.45,Aslin Beer Company,New England IPA,8.40%,south-atlantic
877,Moat Water,404,4.37,Cigar City Brewing,English Sweet / Milk Stout,10.60%,south-atlantic
878,The Event Horizon,"1,828",4.36,Olde Hickory Brewery,American Imperial Stout,11.75%,south-atlantic
879,Barrel Aged Sexual Chocolate,"1,271",4.36,Foothills Brewing Company - Downtown Brewpub,Russian Imperial Stout,9.60%,south-atlantic
880,Crucial Taunt,328,4.37,The Veil Brewing Co.,New England IPA,8.00%,south-atlantic
881,The Love Below,190,4.38,Funky Buddha Brewery,Russian Imperial Stout,12.00%,south-atlantic
882,Triple Orange Starfish,127,4.39,Aslin Beer Company,New England IPA,12.00%,south-atlantic
883,Maceo,125,4.39,Green Man Brewery,American Wild Ale,8.60%,south-atlantic
884,We We Ded Ded,57,4.43,The Veil Brewing Co.,American Imperial IPA,11.00%,south-atlantic
885,Master Of Oranges,184,4.37,Aslin Beer Company,New England IPA,8.40%,south-atlantic
886,Bourbon GBS (Gingerbread Stout),742,4.35,Hardywood Park Craft Brewery,English Sweet / Milk Stout,10.20%,south-atlantic
887,Cosmik Debris,279,4.36,Creature Comforts,American Imperial IPA,8.00%,south-atlantic
888,Golden Angel,237,4.36,Wicked Weed Brewing,American Wild Ale,7.00%,south-atlantic
889,Never Never Forever Forever,77,4.4,The Veil Brewing Co.,Leipzig Gose,5.10%,south-atlantic
890,Sungazer,50,4.43,Charles Towne Fermentory,New England IPA,6.80%,south-atlantic
891,"3 Scoops: Passionfruit, Lemonade, Mango",45,4.44,The Answer Brewpub,Berliner Weisse,3.50%,south-atlantic
892,Double Dry Hopped Dunley Place,108,4.38,Aslin Beer Company,New England IPA,8.00%,south-atlantic
893,Dirt Nap,205,4.36,The Veil Brewing Co.,New England IPA,8.80%,south-atlantic
894,Never Gonnagetit³,28,4.5,The Veil Brewing Co.,Leipzig Gose,5.30%,south-atlantic
895,Double Dry Hopped Orange Starfish,40,4.45,Aslin Beer Company,New England IPA,5.70%,south-atlantic
896,Dark Hollow Reserve: Concealed Darkness,43,4.44,Blue Mountain Brewery,American Imperial Stout,10.60%,south-atlantic
897,Cigar City / 3 Sons - Across The Alley,29,4.49,Cigar City Brewing,American Imperial Stout,14.30%,south-atlantic
898,Appalachian Walker,52,4.42,Olde Hickory Brewery,British Barleywine,10.00%,south-atlantic
899,Astro Zombie,163,4.36,Aslin Beer Company,New England IPA,6.20%,south-atlantic
900,Atrial Rubicite,"1,897",4.59,Jester King Brewery,American Wild Ale,5.80%,southwest
901,Bourbon Paradise,488,4.6,Prairie Artisan Ales,American Imperial Stout,15.90%,southwest
902,Pirate Paradise,260,4.6,Prairie Artisan Ales,American Imperial Stout,13.00%,southwest
903,Pirate Bomb!,"2,307",4.52,Prairie Artisan Ales,American Imperial Stout,15.00%,southwest
904,Montmorency Vs Balaton,856,4.52,Jester King Brewery,American Wild Ale,6.70%,southwest
905,Bomb!,"6,413",4.5,Prairie Artisan Ales,American Imperial Stout,13.00%,southwest
906,Barrel Aged Bomb!,"1,191",4.49,Prairie Artisan Ales,American Imperial Stout,11.20%,southwest
907,Aurelian Lure,734,4.49,Jester King Brewery,American Wild Ale,5.40%,southwest
908,Barrel Aged Christmas Bomb!,171,4.52,Prairie Artisan Ales,American Imperial Stout,13.00%,southwest
909,Okie Paradise,68,4.58,Prairie Artisan Ales,American Strong Ale,12.00%,southwest
910,Apple Brandy Barrel Noir,"1,660",4.48,Prairie Artisan Ales,American Imperial Stout,12.00%,southwest
911,Bière De Blanc Du Bois,289,4.45,Jester King Brewery,American Wild Ale,6.70%,southwest
912,Bière De Syrah,158,4.45,Jester King Brewery,American Wild Ale,7.30%,southwest
913,Yellow Rose,"1,899",4.41,The Lone Pint Brewery,American IPA,6.80%,southwest
914,Prairie / Evil Twin - Bible Belt - Barrel-Aged,371,4.42,Prairie Artisan Ales,American Imperial Stout,13.00%,southwest
915,Project Dank,881,4.41,La Cumbre Brewing Co.,American IPA,7.50%,southwest
916,Raspbarrel,54,4.49,American Solera,American Wild Ale,ld Ale,southwest
917,Omniscience & Proselytism,436,4.38,Jester King Brewery,American Wild Ale,5.00%,southwest
918,Bourbon Barrel Temptress,284,4.38,Lakewood Brewing Company,English Sweet / Milk Stout,11.30%,southwest
919,Birthday Bomb!,"1,264",4.36,Prairie Artisan Ales,American Imperial Stout,13.00%,southwest
920,分 桃 (Fēn Táo),511,4.36,Jester King Brewery,American Wild Ale,6.40%,southwest
921,HefeWeizen,"1,745",4.34,Live Oak Brewing Company,German Hefeweizen,5.30%,southwest
922,Elevated IPA,"1,544",4.34,La Cumbre Brewing Co.,American IPA,7.20%,southwest
923,SPON - Peach & Apricot,93,4.39,Jester King Brewery,Belgian Fruit Lambic,5.50%,southwest
924,Hammer Smashed Face,50,4.44,Brash Brewing Company,Russian Imperial Stout,15.00%,southwest
925,SPON - Raspberry & Cherry,77,4.4,Jester King Brewery,Belgian Fruit Lambic,5.40%,southwest
926,Nocturn Chrysalis,819,4.33,Jester King Brewery,American Wild Ale,5.90%,southwest
927,Benedictum,63,4.41,Real Ale Brewing Company,American Wild Ale,5.40%,southwest
928,Father Nelson,171,4.35,La Cumbre Brewing Co.,American Imperial IPA,10.60%,southwest
929,Prairie / Evil Twin - Bible Belt,"2,052",4.32,Prairie Artisan Ales,American Imperial Stout,13.00%,southwest
930,Barrel-Aged Legion,418,4.33,Community Beer Company,Russian Imperial Stout,11.60%,southwest
931,Foudreweizen,212,4.34,Jester King Brewery,Belgian Saison,5.60%,southwest
932,White Russian Imperial Stout,104,4.36,Sun Up Brewing Co.,American Imperial Stout,9.20%,southwest
933,Bourbon Barrel Aged Hellfighter,561,4.31,Karbach Brewing Co.,American Imperial Porter,10.80%,southwest
934,Full Nelson,133,4.34,La Cumbre Brewing Co.,American Imperial IPA,8.74%,southwest
935,Pumpkinator (Bourbon Barrel Aged),47,4.41,Saint Arnold Brewing Company,Pumpkin Beer,12.50%,southwest
936,Consider Yourself Hugged,227,4.32,Prairie Artisan Ales,American Imperial Stout,11.90%,southwest
937,SPON - Méthode Traditionelle,156,4.33,Jester King Brewery,Belgian Gueuze,5.80%,southwest
938,Milk The Venom,50,4.4,Brash Brewing Company,American Imperial Stout,9.00%,southwest
939,Diamonds in my Mouth,38,4.43,Spindletap Brewery,New England IPA,8.00%,southwest
940,Barrel Aged American Presidential Stout,47,4.4,Arizona Wilderness Brewing Co.,American Imperial Stout,11.50%,southwest
941,French Quarter Temptress,207,4.31,Lakewood Brewing Company,English Sweet / Milk Stout,9.10%,southwest
942,Cerveza De Tempranillo,291,4.29,Jester King Brewery,American Wild Ale,7.20%,southwest
943,Fully Adrift,55,4.36,Pinthouse Pizza Craft Brewpub,American Imperial IPA,11.00%,southwest
944,Scots Gone Wild,150,4.3,Real Ale Brewing Company,American Wild Ale,9.70%,southwest
945,Pumpkinator,990,4.27,Saint Arnold Brewing Company,Pumpkin Beer,10.00%,southwest
946,Electric Jellyfish,134,4.3,Pinthouse Pizza - South Austin,New England IPA,6.50%,southwest
947,Vulgar Display Of Power,54,4.35,Brash Brewing Company,Russian Imperial Stout,13.00%,southwest
948,Coffee Okie,445,4.27,Prairie Artisan Ales,American Brown Ale,13.00%,southwest
949,Cortado,92,4.31,Brash Brewing Company,American Imperial Stout,10.00%,southwest
950,Houston Haze,112,4.3,Spindletap Brewery,New England IPA,6.50%,southwest
951,Peche'cus,109,4.3,Freetail Brewing Company,American Wild Ale,8.20%,southwest
952,Paradise,774,4.26,Prairie Artisan Ales,American Imperial Stout,13.00%,southwest
953,Raspberry Ananke,125,4.29,Freetail Brewing Company,American Wild Ale,6.80%,southwest
954,Bourbon Barrel Hellfighter (w/ Vanilla Bean),155,4.28,Karbach Brewing Co.,American Imperial Porter,11.00%,southwest
955,Detritivore,365,4.26,Jester King Brewery,Belgian Saison,5.50%,southwest
956,Tombstone Brewing IPA,28,4.4,Tombstone Brewing Company,New England IPA,7.10%,southwest
957,Koffee Kölsch,98,4.28,Huss Brewing Co,German Kölsch,4.75%,southwest
958,DC Mountain Double IPA,80,4.29,Arizona Wilderness Brewing Co.,American Imperial IPA,8.00%,southwest
959,Acheron,55,4.31,Martin House Brewing Company,American Imperial Stout,12.00%,southwest
960,Foeder Cerise,107,4.27,American Solera,American Wild Ale,6.00%,southwest
961,Cafe Con Leche,70,4.29,La Cumbre Brewing Co.,English Sweet / Milk Stout,7.50%,southwest
962,Colour Five,308,4.24,Jester King Brewery,American Wild Ale,7.10%,southwest
963,Synthesis Analogous,81,4.28,Jester King Brewery,American Wild Ale,5.60%,southwest
964,Primus Weizenbock,282,4.24,Live Oak Brewing Company,German Weizenbock,8.30%,southwest
965,Hop Delusion,420,4.23,Karbach Brewing Co.,American Imperial IPA,9.00%,southwest
966,Bière De Lenoir,29,4.37,Jester King Brewery,American Wild Ale,6.90%,southwest
967,Old Treehugger Barleywine,94,4.26,Live Oak Brewing Company,American Barleywine,11.50%,southwest
968,Ananke,237,4.23,Freetail Brewing Company,American Wild Ale,5.80%,southwest
969,Double Barrel Noir,14,4.52,Prairie Artisan Ales,American Imperial Stout,13.00%,southwest
970,Deconstructed Bomb! Coffee,192,4.23,Prairie Artisan Ales,American Imperial Stout,11.80%,southwest
971,Funky Gold Citra,120,4.24,Prairie Artisan Ales,American Wild Ale,7.50%,southwest
972,RU-55,714,4.21,Jester King Brewery,American Wild Ale,7.30%,southwest
973,Sputnik,156,4.23,Austin Beerworks,Russian Imperial Stout,8.00%,southwest
974,Heavy Machinery Double IPA,245,4.22,Austin Beerworks,American Imperial IPA,10.00%,southwest
975,CRU 55,36,4.32,Jester King Brewery,Flanders Red Ale,8.30%,southwest
976,Woodicus,98,4.24,Freetail Brewing Company,American Wild Ale,7.60%,southwest
977,Double Dunk,283,4.21,Prairie Artisan Ales,American Imperial Stout,11.90%,southwest
978,Pirate Noir,689,4.2,Prairie Artisan Ales,American Imperial Stout,12.00%,southwest
979,Reposé,251,4.21,Jester King Brewery,French Bière de Garde,8.30%,southwest
980,Sarcosuchus Double IPA,30,4.33,Dragoon Brewing Co.,American Imperial IPA,10.50%,southwest
981,Apricot Petite Golden Sour,26,4.35,The Collective Brewing Project,American Wild Ale,4.50%,southwest
982,Postcards from Hell,13,4.5,La Cumbre Brewing Co.,American Imperial IPA,8.00%,southwest
983,Birra di Sangiovese,38,4.29,Jester King Brewery,American Wild Ale,7.40%,southwest
984,Perpetual Peace,98,4.22,No Label Brewing Company,Scotch Ale / Wee Heavy,11.10%,southwest
985,A Nu Start DDH Triple IPA,19,4.39,Turning Point Beer,American Imperial IPA,10.00%,southwest
986,Vanilla Noir,"1,017",4.18,Prairie Artisan Ales,American Imperial Stout,11.50%,southwest
987,Funky Gold Mosaic,970,4.18,Prairie Artisan Ales,American Wild Ale,6.50%,southwest
988,Prairie Noir,937,4.18,Prairie Artisan Ales,American Imperial Stout,11.00%,southwest
989,Cranbarrel,35,4.29,American Solera,American Wild Ale,5.60%,southwest
990,Bright Black Delight,34,4.29,American Solera,American Wild Ale,5.60%,southwest
991,Sin Mint Temptress,145,4.2,Lakewood Brewing Company,English Sweet / Milk Stout,9.10%,southwest
992,Tower Station IPA,202,4.19,Mother Road Brewery,American IPA,7.30%,southwest
993,Abide,49,4.25,Brash Brewing Company,American Imperial Stout,10.00%,southwest
994,Alpha Hive Double IPA,180,4.19,COOP Ale Works,American Imperial IPA,9.10%,southwest
995,DDH Dinglebop,15,4.43,Turning Point Beer,New England IPA,8.20%,southwest
996,Prairie Hop,"1,171",4.17,Prairie Artisan Ales,Belgian Saison,8.00%,southwest
997,Boxer's Revenge,823,4.17,Jester King Brewery,American Wild Ale,10.20%,southwest
998,Funk Metal,751,4.17,Jester King Brewery,American Wild Ale,7.00%,southwest
999,Juiceton,37,4.27,Spindletap Brewery,New England IPA,8.50%,southwest
